query,expected,adaptive_lexical_pred,adaptive_lexical_score,adaptive_lexical_correct,adaptive_lexical_specificity,adaptive_lexical_overlap,adaptive_semantic_pred,adaptive_semantic_score,adaptive_semantic_correct,adaptive_semantic_specificity,adaptive_semantic_overlap
Giấy vệ sinh,Giấy vs,giấy vs,0.059347618371248245,True,1.791759469228055,1,giấy vs,0.059347353875637054,True,1.791759469228055,1
Nước rửa chén Sunlight,Nước rửa chén,nước rửa chén,0.5402112007141113,True,1.6094379124341003,3,nước rửa chén,0.5402112007141113,True,1.6094379124341003,3
BVS Kotex hàng ngày,Băng vệ sinh,Bỉm người lớn,0.0,False,0.0,0,bỉm quần,0.09771019220352173,False,1.6094379124341003,0
Sữa tắm Lifebuoy,Sữa tắm,sữa tắm,0.37431126832962036,True,1.6094379124341003,2,sữa tắm,0.37431126832962036,True,1.6094379124341003,2
Dầu gội Clear Men,Dầu gội,dầu gội,0.29288220405578613,True,1.6094379124341003,2,dầu gội,0.29288220405578613,True,1.6094379124341003,2
Kem đánh răng PS,Kem đánh răng,kem đánh răng,0.34308910369873047,True,1.6094379124341003,3,kem đánh răng,0.34308910369873047,True,1.6094379124341003,3
Bột giặt Omo,Bột giặt,bột giặt,0.68804931640625,True,1.6094379124341003,2,bột giặt,0.68804931640625,True,1.6094379124341003,2
Nước xả vải Comfort,Nước xả vải,nước xả vải,0.7511473894119263,True,1.6094379124341003,3,nước xả vải,0.7511473894119263,True,1.6094379124341003,3
Bỉm Merries size L,Bỉm quần,bỉm quần,0.06853567808866501,True,1.6094379124341003,1,bỉm quần,0.06853663921356201,True,1.6094379124341003,1
Sữa tươi Vinamilk không đường,Sữa tươi,sữa tươi,0.08945959061384201,True,1.6094379124341003,2,sữa tươi,0.08945959061384201,True,1.6094379124341003,2
Mì tôm Hảo Hảo,Mì gói,mì gói,0.04106777161359787,True,1.6094379124341003,1,mì gói,0.041068192571401596,True,1.6094379124341003,1
Dầu ăn Simply,Dầu đậu nành,Dầu oliu,0.09256600588560104,False,1.6094379124341003,1,mỡ lợn,0.10243642330169678,False,1.6094379124341003,0
Nước mắm Nam Ngư,Nước mắm,nước mắm,0.37581250071525574,True,1.6094379124341003,2,nước mắm,0.37581250071525574,True,1.6094379124341003,2
Hạt nêm Knorr,Hạt nêm,hạt nêm,0.5245944857597351,True,1.6094379124341003,2,hạt nêm,0.5245944857597351,True,1.6094379124341003,2
Bánh Chocopie,Bánh chocopie,bánh chocopie,0.9742135405540466,True,1.6094379124341003,2,bánh chocopie,0.9742135405540466,True,1.6094379124341003,2
Tương ớt Chinsu,Tương ớt,tương ớt,0.2770080268383026,True,1.6094379124341003,2,tương ớt,0.2770080268383026,True,1.6094379124341003,2
Cà phê G7,Cà phê hòa tan,cà phê phin,0.07580304890871048,False,1.6094379124341003,2,cà phê phin,0.07580304890871048,False,1.6094379124341003,2
Trà Lipton túi lọc,Trà túi lọc,trà túi lọc,0.680357813835144,True,1.6094379124341003,3,trà túi lọc,0.680357813835144,True,1.6094379124341003,3
Bia Heineken,Bia lon,bia chai,0.26272377371788025,False,1.6094379124341003,1,bia chai,0.2627352476119995,False,1.6094379124341003,1
Nước ngọt Coca Cola,Coca cola,coca cola,0.3625142276287079,True,1.6094379124341003,2,coca cola,0.3625186085700989,True,1.6094379124341003,2
Khăn giấy Pulppy,Khăn giấy hộp,khăn giấy ướt,0.1484283059835434,False,1.6094379124341003,2,khăn giấy ướt,0.1484283059835434,False,1.6094379124341003,2
Xúc xích Vissan,Xúc xích,Xúc xích,0.2539307475090027,True,1.6094379124341003,2,Xúc xích,0.2539307475090027,True,1.6094379124341003,2
Sữa chua Vinamilk có đường,Sữa chua có đường,sữa chua có đường,0.7435930371284485,True,1.6094379124341003,4,sữa chua có đường,0.7435925006866455,True,1.6094379124341003,4
Phô mai Con Bò Cười,Phô mai Con Bò Cười,phô mai Con Bò Cười,0.9841994047164917,True,1.6094379124341003,5,phô mai Con Bò Cười,0.9841994047164917,True,1.6094379124341003,5
Bánh mì tươi Kinh Đô,Bánh mì tươi,bánh mì tươi,0.5095760822296143,True,1.6094379124341003,3,bánh mì tươi,0.5095760822296143,True,1.6094379124341003,3
Gạo ST25,Gạo ST25,gạo ST25,0.9607922434806824,True,1.6094379124341003,2,gạo ST25,0.9607922434806824,True,1.6094379124341003,2
Trứng gà ta,Trứng gà ta,trứng gà ta,0.9124765992164612,True,1.6094379124341003,3,trứng gà ta,0.9124765992164612,True,1.6094379124341003,3
Thịt heo ba rọi,Thịt ba rọi,thịt ba rọi,0.9714395999908447,True,1.6094379124341003,3,thịt ba rọi,0.9714385271072388,True,1.6094379124341003,3
Cá diêu hồng,Cá diêu hồng,cá diêu hồng,0.9433597922325134,True,1.6094379124341003,3,cá diêu hồng,0.9433597922325134,True,1.6094379124341003,3
Rau muống,Rau muống,rau muống,0.9114264845848083,True,1.6094379124341003,2,rau muống,0.9114264845848083,True,1.6094379124341003,2
Nước lọc Aquafina,Nước tinh khiết,nước tinh khiết,0.05401287600398064,True,1.6094379124341003,1,nước tinh khiết,0.05401287600398064,True,1.6094379124341003,1
q.tây,Quần tây,quần tây,0.6052110195159912,True,1.6094379124341003,1,quần tây,0.6052033305168152,True,1.6094379124341003,1
nc hoa chanel,Nước hoa chanel,nước hoa chanel,0.9334740042686462,True,1.6094379124341003,2,nước hoa chanel,0.9334728717803955,True,1.6094379124341003,2
son d.,Son môi,son kem,0.7080737352371216,False,1.6094379124341003,1,son kem,0.7080737352371216,False,1.6094379124341003,1
ao thun AD,Áo thun,áo thun,0.5164754390716553,True,1.6094379124341003,1,áo thun,0.5164754390716553,True,1.6094379124341003,1
Giày NK,Giày thể thao,giày da,0.1222313940525055,False,1.6094379124341003,1,giày da,0.12222903966903687,False,1.6094379124341003,1
Túi GC,Túi xách,túi xách,0.16201043128967285,True,1.6094379124341003,1,túi xách,0.16200914978981018,True,1.6094379124341003,1
Kính RB,Kính râm,kính mát,0.29988589882850647,False,1.6094379124341003,1,kính mát,0.29988589882850647,False,1.6094379124341003,1
Đồng hồ DW,Đồng hồ DW,đồng hồ DW,0.9780022501945496,True,1.6094379124341003,3,đồng hồ DW,0.9780022501945496,True,1.6094379124341003,3
Iphone 15 prm,Điện thoại Iphone,điện thoại Iphone,0.023688452318310738,True,1.6094379124341003,1,điện thoại Iphone,0.023688944056630135,True,1.6094379124341003,1
Laptop Dell Vostro,Laptop Dell,Laptop Dell,0.15743377804756165,True,1.6094379124341003,2,Laptop Dell,0.15743377804756165,True,1.6094379124341003,2
Tai nghe Sony WF-1000XM5,Tai nghe true wireless,tai nghe Sony,0.325314998626709,False,1.6094379124341003,3,tai nghe Sony,0.325314998626709,False,1.6094379124341003,3
Sạc dự phòng Anker,Sạc dự phòng,sạc dự phòng,0.5725710391998291,True,1.6094379124341003,3,sạc dự phòng,0.5725710391998291,True,1.6094379124341003,3
Chuột Logitech MX Master 3,Chuột không dây,chuột Logitech,0.2377862185239792,False,1.6094379124341003,2,chuột Logitech,0.2377862185239792,False,1.6094379124341003,2
Bàn phím cơ Filco,Bàn phím cơ,bàn phím cơ,0.4790053367614746,True,0.916290731874155,3,bàn phím cơ,0.4790053367614746,True,0.916290731874155,3
Màn hình LG UltraGear,Màn hình LG,Màn hình LG,0.3829940855503082,True,1.6094379124341003,3,Màn hình LG,0.3829940855503082,True,1.6094379124341003,3
Tivi Sony 4K,Tivi Sony,Tivi Sony,0.2838189899921417,True,1.6094379124341003,2,Tivi Sony,0.2838189899921417,True,1.6094379124341003,2
Tủ lạnh Panasonic Inverter,Tủ lạnh Panasonic,tủ lạnh Panasonic,0.4789488911628723,True,1.6094379124341003,3,tủ lạnh Panasonic,0.4789488911628723,True,1.6094379124341003,3
Máy giặt LG AI DD,Máy giặt LG,máy giặt LG,0.5614808201789856,True,1.6094379124341003,3,máy giặt LG,0.5614808201789856,True,1.6094379124341003,3
Điều hòa Daikin,Điều hòa Daikin,điều hòa Daikin,0.9367273449897766,True,1.6094379124341003,3,điều hòa Daikin,0.9367273449897766,True,1.6094379124341003,3
Bếp từ Bosch,Bếp từ,bếp từ Bosch,0.8362664580345154,False,1.6094379124341003,3,bếp từ Bosch,0.8362664580345154,False,1.6094379124341003,3
Lò vi sóng Sharp,Lò vi sóng,lò vi sóng Sharp,0.9492253065109253,False,1.6094379124341003,4,lò vi sóng Sharp,0.9492253065109253,False,1.6094379124341003,4
Nồi cơm điện Cuckoo,Nồi cơm điện Cuckoo,nồi cơm Cuckoo,0.9369218349456787,False,1.6094379124341003,3,nồi cơm Cuckoo,0.9369218349456787,False,1.6094379124341003,3
Máy hút bụi Dyson,Máy hút bụi cầm tay,máy hút bụi Dyson,0.9860519766807556,False,1.6094379124341003,4,máy hút bụi Dyson,0.9860519766807556,False,1.6094379124341003,4
Máy lọc không khí Xiaomi,Máy lọc không khí,máy lọc không khí Xiaomi,0.9835657477378845,False,1.6094379124341003,5,máy lọc không khí Xiaomi,0.9835657477378845,False,1.6094379124341003,5
Quạt cây Mitsubishi,Quạt cây,quạt cây,0.5313048362731934,True,1.6094379124341003,2,quạt cây,0.5313048362731934,True,1.6094379124341003,2
Bàn là Philips,Bàn là hơi nước,bàn là Philips,0.9396679997444153,False,1.6094379124341003,3,bàn là Philips,0.9396679997444153,False,1.6094379124341003,3
Thuốc ho Prospan,Thuốc ho,thuốc ho,0.6851752400398254,True,1.6094379124341003,2,thuốc ho,0.6851752400398254,True,1.6094379124341003,2
Vitamin C DHC,Vitamin C,Vitamin C,0.15614499151706696,True,1.6094379124341003,2,Vitamin C,0.15614499151706696,True,1.6094379124341003,2
Sữa rửa mặt Cetaphil,Sữa rửa mặt,Sữa rửa mặt,0.4876221716403961,True,1.6094379124341003,3,Sữa rửa mặt,0.4876221716403961,True,1.6094379124341003,3
Kem chống nắng Anessa,Kem chống nắng Anessa,kem chống nắng Anessa,0.9944885969161987,True,1.6094379124341003,4,kem chống nắng Anessa,0.9944885969161987,True,1.6094379124341003,4
Mặt nạ SK-II,Mặt nạ giấy,mặt nạ SK-II,0.9736145734786987,False,1.6094379124341003,4,mặt nạ SK-II,0.9736145734786987,False,1.6094379124341003,4
Tẩy trang Bioderma,Nước tẩy trang,tẩy trang Bioderma,0.9767634272575378,False,1.6094379124341003,3,tẩy trang Bioderma,0.9767634272575378,False,1.6094379124341003,3
Bút bi Thiên Long,Bút bi,Bút bi,0.48166623711586,True,1.6094379124341003,2,Bút bi,0.48166623711586,True,1.6094379124341003,2
Vở kẻ ngang Campus,Vở kẻ ngang,vở kẻ ngang,0.5708075761795044,True,1.6094379124341003,3,vở kẻ ngang,0.5708075761795044,True,1.6094379124341003,3
Sách Đắc Nhân Tâm,Sách kỹ năng sống,sách kỹ năng sống,0.030628353357315063,True,1.6094379124341003,1,sách kỹ năng sống,0.030627727508544922,True,1.6094379124341003,1
Tã dán Bobby Newborn,Tã dán,Tã dán,0.5953758955001831,True,1.6094379124341003,2,Tã dán,0.5953758955001831,True,1.6094379124341003,2
Sữa bột Friso Gold,Sữa bột cho bé,sữa Friso,0.7488093972206116,False,1.6094379124341003,2,sữa Friso,0.7488093972206116,False,1.6094379124341003,2
Xe đẩy Combi,Xe đẩy,Xe đẩy,0.41292473673820496,True,1.6094379124341003,2,Xe đẩy,0.41292473673820496,True,1.6094379124341003,2
Đồ chơi Lego,Đồ chơi xếp hình,Lego,0.3371986448764801,False,1.6094379124341003,1,Lego,0.33719930052757263,False,1.6094379124341003,1
Bỉm ng lớn Caryn,Tã dán ng lớn,tã quần ng lớn,0.23585714399814606,False,1.6094379124341003,2,tã quần ng lớn,0.23585696518421173,False,1.6094379124341003,2
Nước yến sào Sanest,Nước yến,nước yến,0.3730407953262329,True,1.6094379124341003,2,nước yến,0.3730407953262329,True,1.6094379124341003,2
Thực phẩm chức năng Blackmores,Thực phẩm chức năng,thực phẩm chức năng,0.4775327742099762,True,1.6094379124341003,4,thực phẩm chức năng,0.4775327742099762,True,1.6094379124341003,4
Bao cao su Durex,Bao cao su,Bao cao su,0.268454372882843,True,1.6094379124341003,3,Bao cao su,0.268454372882843,True,1.6094379124341003,3
Cà phê phin Trung Nguyên,Cà phê phin,cà phê phin,0.2443392127752304,True,1.6094379124341003,3,cà phê phin,0.2443392127752304,True,1.6094379124341003,3
Lạp xưởng Mai Quế Lộ,Lạp xưởng,lạp xưởng,0.4463637173175812,True,1.6094379124341003,2,lạp xưởng,0.4463637173175812,True,1.6094379124341003,2
Dầu gió xanh Thiên Thảo,Dầu gió,dầu gió,0.2459080070257187,True,1.6094379124341003,2,dầu gió,0.2459080070257187,True,1.6094379124341003,2
Kem nghệ Thorakao,Kem nghệ,kem nghệ,0.7389525175094604,True,1.6094379124341003,2,kem nghệ,0.7389525175094604,True,1.6094379124341003,2
Nước súc miệng Listerine,Nước súc miệng,nước súc miệng,0.7253580689430237,True,1.6094379124341003,3,nước súc miệng,0.7253580689430237,True,1.6094379124341003,3
Bông tẩy trang Ipek,Bông tẩy trang,bông tẩy trang,0.5124579071998596,True,1.6094379124341003,3,bông tẩy trang,0.5124579071998596,True,1.6094379124341003,3
Dao cạo râu Gillette,Dao cạo,Dao cạo,0.3693299889564514,True,1.6094379124341003,2,Dao cạo,0.3693299889564514,True,1.6094379124341003,2
Lăn khử mùi Nivea,Lăn khử mùi,lăn khử mùi,0.8959617614746094,True,1.6094379124341003,3,lăn khử mùi,0.8959617614746094,True,1.6094379124341003,3
Sữa đặc Ông Thọ,Sữa đặc,sữa đặc,0.24581004679203033,True,1.6094379124341003,2,sữa đặc,0.24581004679203033,True,1.6094379124341003,2
Kẹo Alpenliebe,Kẹo cứng,kẹo mút,0.27483367919921875,False,1.6094379124341003,1,kẹo mút,0.27483484148979187,False,1.6094379124341003,1
Snack Oishi,Snack,snack,0.567081093788147,True,1.6094379124341003,1,snack,0.567081093788147,True,1.6094379124341003,1
Sô cô la Hershey's,Sô cô la sữa,Hershey's,0.8809343576431274,False,1.6094379124341003,2,Hershey's,0.8809370994567871,False,1.6094379124341003,2
Chà bông heo,Chà bông heo,chà bông heo,0.9718981981277466,True,1.6094379124341003,3,chà bông heo,0.9718981981277466,True,1.6094379124341003,3
Pate cột đèn Hải Phòng,Pate gan,pate cột đèn,0.8706058859825134,False,1.6094379124341003,3,pate cột đèn,0.8706058859825134,False,1.6094379124341003,3
Giò me Nghệ An,Giò me,giò me,0.9030168056488037,True,1.6094379124341003,2,giò me,0.9030168056488037,True,1.6094379124341003,2
Bánh đậu xanh Rồng Vàng,Bánh đậu xanh,bánh đậu xanh,0.3364592492580414,True,1.6094379124341003,3,bánh đậu xanh,0.3364592492580414,True,1.6094379124341003,3
Trà Thái Nguyên,Trà Thái Nguyên,trà Thái Nguyên,0.6182478070259094,True,1.6094379124341003,3,trà Thái Nguyên,0.6182478070259094,True,1.6094379124341003,3
Rượu mơ Yên Tử,Rượu mơ,rượu mơ,0.5869020819664001,True,1.6094379124341003,2,rượu mơ,0.5869020819664001,True,1.6094379124341003,2
Nước khoáng Lavie,Nước khoáng,nước khoáng,0.36712977290153503,True,1.6094379124341003,2,nước khoáng,0.36712977290153503,True,1.6094379124341003,2
Pin tiểu Con Ó,Pin AA,pin AAA,0.09118124097585678,False,1.6094379124341003,1,pin AAA,0.09118124097585678,False,1.6094379124341003,1
Bóng đèn Rạng Đông,Bóng đèn LED,Rạng Đông,0.5113580226898193,False,1.6094379124341003,2,Rạng Đông,0.5113580226898193,False,1.6094379124341003,2
Ổ cắm điện Lioa,Ổ cắm,Ổ cắm,0.3270784020423889,True,1.6094379124341003,2,Ổ cắm,0.3270784020423889,True,1.6094379124341003,2
Thẻ nhớ SanDisk 128GB,Thẻ nhớ,thẻ nhớ,0.08386211097240448,True,1.6094379124341003,2,thẻ nhớ,0.08386211097240448,True,1.6094379124341003,2
Ốp lưng Iphone,Ốp lưng,Ốp lưng,0.6597424745559692,True,1.6094379124341003,2,Ốp lưng,0.6597424745559692,True,1.6094379124341003,2
Dây sạc Type C,Dây sạc Type C,Dây sạc Type C,0.9688432216644287,True,1.6094379124341003,4,Dây sạc Type C,0.9688432216644287,True,1.6094379124341003,4
Router Wifi TP-Link,Router,router,0.15118242800235748,True,1.6094379124341003,1,router,0.15118242800235748,True,1.6094379124341003,1
Webcam Logitech,Webcam,Webcam,0.2902068495750427,True,1.6094379124341003,1,Webcam,0.2902068495750427,True,1.6094379124341003,1
USB Kingston 64GB,USB,USB Kingston,0.24788162112236023,False,1.6094379124341003,2,USB Kingston,0.24788162112236023,False,1.6094379124341003,2
Loa Bluetooth JBL Go 3,Loa bluetooth,loa bluetooth,0.6185259819030762,True,1.6094379124341003,2,loa bluetooth,0.6185259819030762,True,1.6094379124341003,2
Sữa rửa tay khô Green Cross,Nước rửa tay khô,sữa rửa tay,0.21341079473495483,False,1.6094379124341003,3,sữa rửa tay,0.21341079473495483,False,1.6094379124341003,3
Khẩu trang y tế 4 lớp,Khẩu trang y tế,khẩu trang y tế,0.47392329573631287,True,1.6094379124341003,4,khẩu trang y tế,0.47392329573631287,True,1.6094379124341003,4
Găng tay cao su,Găng tay cao su,găng tay cao su,0.9186554551124573,True,1.6094379124341003,4,găng tay cao su,0.9186554551124573,True,1.6094379124341003,4
Cồn 90 độ,Cồn 90 độ,cồn 90 độ,0.9772270321846008,True,1.6094379124341003,3,cồn 90 độ,0.9772270321846008,True,1.6094379124341003,3
Băng gạc y tế,Băng gạc,băng gạc,0.609140932559967,True,1.6094379124341003,2,băng gạc,0.609140932559967,True,1.6094379124341003,2
Nhiệt kế điện tử Omron,Nhiệt kế điện tử,nhiệt kế điện tử,0.3464169204235077,True,1.6094379124341003,4,nhiệt kế điện tử,0.3464169204235077,True,1.6094379124341003,4
Máy đo huyết áp Microlife,Máy đo huyết áp điện tử,Microlife,0.7275646924972534,False,1.6094379124341003,1,Microlife,0.7275628447532654,False,1.6094379124341003,1
Que thử thai Quickstick,Que thử thai,que thử thai,0.8303042054176331,True,1.6094379124341003,3,que thử thai,0.8303042054176331,True,1.6094379124341003,3
Gel bôi trơn KY,Gel bôi trơn,gel bôi trơn,0.9216006994247437,True,1.6094379124341003,3,gel bôi trơn,0.9216006994247437,True,1.6094379124341003,3
Dầu gội khô Batiste,Dầu gội khô,dầu gội khô,0.6389479637145996,True,1.6094379124341003,3,dầu gội khô,0.6389479637145996,True,1.6094379124341003,3
Xịt khoáng Avene,Xịt khoáng,xịt khoáng,0.6679643392562866,True,1.6094379124341003,2,xịt khoáng,0.6679643392562866,True,1.6094379124341003,2
Kem dưỡng ẩm Klairs,Kem dưỡng ẩm,kem dưỡng ẩm,0.4619114398956299,True,1.6094379124341003,3,kem dưỡng ẩm,0.4619114398956299,True,1.6094379124341003,3
Tẩy da chết Rosette,Tẩy da chết vật lý,Rosette,0.5925791263580322,False,1.6094379124341003,1,Rosette,0.592576801776886,False,1.6094379124341003,1
Sơn móng tay OPI,Sơn móng tay,sơn móng tay,0.7533165812492371,True,1.6094379124341003,3,sơn móng tay,0.7533165812492371,True,1.6094379124341003,3
Nước hoa hồng Thayers,Nước hoa hồng,nước hoa hồng,0.5597718358039856,True,1.6094379124341003,3,nước hoa hồng,0.5597718358039856,True,1.6094379124341003,3
Kẻ mắt Maybelline,Kẻ mắt nước,Maybelline,0.6324939131736755,False,1.6094379124341003,1,Maybelline,0.6325010061264038,False,1.6094379124341003,1
Phấn phủ Innisfree,Phấn phủ,phấn phủ,0.18817052245140076,True,1.6094379124341003,2,phấn phủ,0.18817052245140076,True,1.6094379124341003,2
Má hồng Canmake,Má hồng phấn,má hồng kem,0.8117798566818237,False,1.6094379124341003,2,má hồng kem,0.811778724193573,False,1.6094379124341003,2
Cọ trang điểm Real Techniques,Bộ cọ Real Techniques,bộ cọ Real Techniques,0.9813864231109619,True,1.6094379124341003,3,bộ cọ Real Techniques,0.9813864231109619,True,1.6094379124341003,3
Vali size 20,Vali size 20,Vali size 20,0.9961981177330017,True,1.6094379124341003,3,Vali size 20,0.9961981177330017,True,1.6094379124341003,3
Balo laptop,Balo laptop,balo laptop,0.9276717305183411,True,1.6094379124341003,2,balo laptop,0.9276717305183411,True,1.6094379124341003,2
Túi ngủ văn phòng,Túi ngủ,túi ngủ,0.5694538354873657,True,1.6094379124341003,2,túi ngủ,0.5694538354873657,True,1.6094379124341003,2
Giày đi mưa,Giày đi mưa,giày đi mưa,0.839322566986084,True,0.916290731874155,3,giày đi mưa,0.839322566986084,True,0.916290731874155,3
Áo mưa bộ,Áo mưa bộ,áo mưa bộ,0.9440428614616394,True,1.6094379124341003,3,áo mưa bộ,0.9440428614616394,True,1.6094379124341003,3
Mũ bảo hiểm 3/4,Mũ bảo hiểm 3/4,mũ bảo hiểm 3/4,0.9630239605903625,True,1.6094379124341003,5,mũ bảo hiểm 3/4,0.9630239605903625,True,1.6094379124341003,5
Găng tay xe máy,Găng tay xe máy,găng tay xe máy,0.9544525742530823,True,1.6094379124341003,4,găng tay xe máy,0.9544525742530823,True,1.6094379124341003,4
Khóa chống trộm xe máy,Khóa chống trộm,khóa chống trộm,0.5868033170700073,True,1.6094379124341003,3,khóa chống trộm,0.5868033170700073,True,1.6094379124341003,3
Nhớt xe máy Motul,Nhớt Motul,nhớt Motul,0.4885116517543793,True,1.6094379124341003,2,nhớt Motul,0.48850858211517334,True,1.6094379124341003,2
Lốp xe Michelin,Lốp Michelin,lốp Michelin,0.8699507713317871,True,1.6094379124341003,2,lốp Michelin,0.8699507713317871,True,1.6094379124341003,2
Bugi NGK,Bugi,Bugi,0.7832902669906616,True,1.6094379124341003,1,Bugi,0.7832902669906616,True,1.6094379124341003,1
Đèn pin siêu sáng,Đèn pin,Đèn pin,0.3688673973083496,True,1.6094379124341003,2,Đèn pin,0.3688673973083496,True,1.6094379124341003,2
Dao đa năng Leatherman,Dao đa năng,dao đa năng,0.44299155473709106,True,1.6094379124341003,3,dao đa năng,0.44299155473709106,True,1.6094379124341003,3
Bật lửa Zippo,Bật lửa,Bật lửa,0.3644428253173828,True,1.6094379124341003,2,Bật lửa,0.3644428253173828,True,1.6094379124341003,2
Thảm tập yoga,Thảm tập yoga,Thảm tập,0.6452895402908325,False,1.6094379124341003,2,Thảm tập,0.6452895402908325,False,1.6094379124341003,2
Tạ tay 5kg,Tạ đơn,tạ đòn,0.11824580281972885,False,1.6094379124341003,1,tạ đòn,0.11824551969766617,False,1.6094379124341003,1
Giày chạy bộ Asics,Giày chạy bộ,Giày chạy bộ,0.22013495862483978,True,1.6094379124341003,3,Giày chạy bộ,0.22013495862483978,True,1.6094379124341003,3
Vợt cầu lông Yonex,Vợt cầu lông,Vợt cầu lông,0.5996758341789246,True,1.6094379124341003,3,Vợt cầu lông,0.5996758341789246,True,1.6094379124341003,3
Bóng rổ Molten,Bóng rổ,Bóng rổ,0.3319590091705322,True,1.6094379124341003,2,Bóng rổ,0.3319590091705322,True,1.6094379124341003,2
Đàn guitar Yamaha,Đàn guitar acoustic,đàn guitar classic,0.07426231354475021,False,1.6094379124341003,2,đàn guitar classic,0.07426310330629349,False,1.6094379124341003,2
Sáo trúc,Sáo,Sáo,0.4892590045928955,True,1.6094379124341003,1,Sáo,0.4892590045928955,True,1.6094379124341003,1
Tranh sơn dầu,Tranh sơn dầu,tranh sơn dầu,0.9850413203239441,True,1.6094379124341003,3,tranh sơn dầu,0.9850413203239441,True,1.6094379124341003,3
Màu nước Pentel,Màu nước,màu nước,0.4030323624610901,True,1.6094379124341003,2,màu nước,0.4030323624610901,True,1.6094379124341003,2
Đất nặn Play-Doh,Đất nặn,Đất nặn,0.5481672883033752,True,1.6094379124341003,2,Đất nặn,0.5481672883033752,True,1.6094379124341003,2
Thức ăn cho chó Royal Canin,Thức ăn hạt,sữa cho chó,0.06835877150297165,False,1.6094379124341003,2,sữa cho chó,0.06835931539535522,False,1.6094379124341003,2
Thức ăn cho mèo Whiskas,Thức ăn hạt,sữa cho mèo,0.36086374521255493,False,1.6094379124341003,2,sữa cho mèo,0.36086684465408325,False,1.6094379124341003,2
Cát vệ sinh cho mèo,Cát vệ sinh cho mèo,nhà vệ sinh cho mèo,0.9323774576187134,False,1.6094379124341003,4,nhà vệ sinh cho mèo,0.9323769807815552,False,1.6094379124341003,4
Lồng chim,Lồng chim,lồng chim,0.8711129426956177,True,1.6094379124341003,2,lồng chim,0.8711129426956177,True,1.6094379124341003,2
Bể cá mini,Bể cá,Bể cá,0.3093414604663849,True,1.6094379124341003,2,Bể cá,0.3093414604663849,True,1.6094379124341003,2
Hạt giống rau mầm,Hạt giống rau,hạt giống rau,0.6316528916358948,True,1.6094379124341003,3,hạt giống rau,0.6316528916358948,True,1.6094379124341003,3
Phân bón hữu cơ,Phân hữu cơ,phân hữu cơ,0.4816912114620209,True,1.6094379124341003,3,phân hữu cơ,0.48168954253196716,True,1.6094379124341003,3
Chậu cây cảnh,Chậu cây cảnh,đôn kê chậu,0.5434286594390869,False,1.6094379124341003,1,đôn kê chậu,0.5434286594390869,False,1.6094379124341003,1
Thuốc diệt muỗi Jumbo,Thuốc diệt muỗi,thuốc diệt muỗi,0.7337579131126404,True,1.6094379124341003,3,thuốc diệt muỗi,0.7337579131126404,True,1.6094379124341003,3
Nước lau sàn Gift,Nước lau sàn,nước lau sàn,0.6533215641975403,True,1.6094379124341003,3,nước lau sàn,0.6533215641975403,True,1.6094379124341003,3
Tẩy bồn cầu Vim,Tẩy bồn cầu,Tẩy bồn cầu,0.9126304984092712,True,1.6094379124341003,3,Tẩy bồn cầu,0.9126304984092712,True,1.6094379124341003,3
Sáp thơm Glade,Sáp thơm,Sáp thơm,0.7188007235527039,True,1.6094379124341003,2,Sáp thơm,0.7188007235527039,True,1.6094379124341003,2
Bao rác đen,Bao rác,bao rác,0.778287947177887,True,1.6094379124341003,2,bao rác,0.778287947177887,True,1.6094379124341003,2
Chổi lau nhà 360 độ,Chổi lau nhà,chổi lau nhà,0.5978516340255737,True,1.6094379124341003,3,chổi lau nhà,0.5978516340255737,True,1.6094379124341003,3
Thớt gỗ,Thớt gỗ,thớt gỗ,0.9513885974884033,True,1.6094379124341003,2,thớt gỗ,0.9513885974884033,True,1.6094379124341003,2
Dao làm bếp,Dao thái,Dao gọt,0.16163919866085052,False,1.6094379124341003,1,Dao gọt,0.1616419106721878,False,1.6094379124341003,1
Nồi inox Sunhouse,Nồi inox,nồi inox,0.21393105387687683,True,1.6094379124341003,2,nồi inox,0.21393105387687683,True,1.6094379124341003,2
Chảo chống dính Tefal,Chảo chống dính,chảo chống dính,0.47889629006385803,True,1.6094379124341003,3,chảo chống dính,0.47889629006385803,True,1.6094379124341003,3
Bát ăn cơm Bát Tràng,Bát ăn cơm,Bát,0.2873128056526184,False,1.0986122886681098,1,Bát,0.2873128056526184,False,1.0986122886681098,1
Đũa gỗ,Đũa gỗ,đũa gỗ,0.8717368841171265,True,1.6094379124341003,2,đũa gỗ,0.8717368841171265,True,1.6094379124341003,2
Ấm siêu tốc Philips,Ấm siêu tốc,ấm siêu tốc,0.32104116678237915,True,1.6094379124341003,3,ấm siêu tốc,0.32104116678237915,True,1.6094379124341003,3
Máy xay sinh tố Panasonic,Máy xay sinh tố,Máy xay sinh tố,0.8204448819160461,True,1.6094379124341003,4,Máy xay sinh tố,0.8204448819160461,True,1.6094379124341003,4
Bình giữ nhiệt Lock&Lock,Bình giữ nhiệt,Bình giữ nhiệt,0.5847066044807434,True,1.6094379124341003,3,Bình giữ nhiệt,0.5847066044807434,True,1.6094379124341003,3
Hộp nhựa đựng thực phẩm,Hộp nhựa,Hộp nhựa,0.23552076518535614,True,1.6094379124341003,2,Hộp nhựa,0.23552076518535614,True,1.6094379124341003,2
Màng bọc thực phẩm Ringo,Màng bọc thực phẩm,màng bọc thực phẩm,0.4204516112804413,True,1.6094379124341003,4,màng bọc thực phẩm,0.4204516112804413,True,1.6094379124341003,4
Tăm tre,Tăm tre,Tăm,0.8644593358039856,False,0.5108256237659907,1,Tăm,0.8644593358039856,False,0.5108256237659907,1
Nến sinh nhật,Nến sinh nhật,nến sinh nhật,0.9214306473731995,True,1.6094379124341003,3,nến sinh nhật,0.9214306473731995,True,1.6094379124341003,3
Bài Tây,Bài Tây,bài Tây,0.9105250239372253,True,1.6094379124341003,2,bài Tây,0.9105250239372253,True,1.6094379124341003,2
Sim 4G Mobifone,Sim Mobifone,Sim 4G,0.47358396649360657,False,1.6094379124341003,2,Sim 4G,0.47358396649360657,False,1.6094379124341003,2
Thẻ cào điện thoại 100k,Thẻ cào Mobifone,thẻ 100k,0.7262625694274902,False,1.6094379124341003,2,thẻ 100k,0.7262625694274902,False,1.6094379124341003,2
Voucher Vinpearl,Voucher khách sạn,voucher Vinpearl,0.9773836135864258,False,1.6094379124341003,2,voucher Vinpearl,0.9773836135864258,False,1.6094379124341003,2
Vé xem phim CGV,Vé xem phim,Vé xem phim,0.4555860459804535,True,1.6094379124341003,3,Vé xem phim,0.4555860459804535,True,1.6094379124341003,3
Túi giặt quần áo,Túi giặt,túi giặt,0.6400364637374878,True,1.6094379124341003,2,túi giặt,0.6400364637374878,True,1.6094379124341003,2
Giấy thấm dầu,Giấy thấm dầu thực phẩm,giấy thấm dầu thực phẩm,0.9562996625900269,True,1.6094379124341003,3,giấy thấm dầu thực phẩm,0.9562996625900269,True,1.6094379124341003,3
Ống hút tre,Ống hút tre,ống hút tre,0.9211741089820862,True,1.6094379124341003,3,ống hút tre,0.9211741089820862,True,1.6094379124341003,3
Bàn chải đánh răng điện Oral-B,Bàn chải điện,Oral-B,0.6923137903213501,False,1.6094379124341003,2,Oral-B,0.6923115849494934,False,1.6094379124341003,2
Thuốc nhỏ mắt V.Rohto,Thuốc nhỏ mắt,thuốc nhỏ mắt,0.69190913438797,True,1.6094379124341003,3,thuốc nhỏ mắt,0.69190913438797,True,1.6094379124341003,3
Kính bơi Phoenix,Kính bơi,Kính bơi,0.5781802535057068,True,1.6094379124341003,2,Kính bơi,0.5781802535057068,True,1.6094379124341003,2
Áo phao cứu sinh,Áo phao,Áo phao,0.8807383179664612,True,1.6094379124341003,2,Áo phao,0.8807383179664612,True,1.6094379124341003,2
Ván trượt,Ván trượt,Ván trượt,0.9285295605659485,True,1.6094379124341003,2,Ván trượt,0.9285295605659485,True,1.6094379124341003,2
Găng tay tập gym,Găng tay tập gym,găng tay tập gym,0.9773444533348083,True,1.6094379124341003,4,găng tay tập gym,0.9773444533348083,True,1.6094379124341003,4
Thảm yoga TPE,Thảm TPE,thảm TPE,0.868188738822937,True,1.6094379124341003,2,thảm TPE,0.868188738822937,True,1.6094379124341003,2
Băng keo cá nhân,Băng keo cá nhân,băng keo cá nhân,0.9529998898506165,True,1.6094379124341003,4,băng keo cá nhân,0.9529998898506165,True,1.6094379124341003,4
Dầu cù là,Dầu cù là,dầu cù là,0.8685007095336914,True,1.6094379124341003,3,dầu cù là,0.8685007095336914,True,1.6094379124341003,3
Son gió Moodmatcher,Son gió,son gió,0.8669569492340088,True,1.6094379124341003,2,son gió,0.8669569492340088,True,1.6094379124341003,2
Phấn rôm Johnson's Baby,Phấn rôm,Phấn rôm,0.5611608028411865,True,1.6094379124341003,2,Phấn rôm,0.5611608028411865,True,1.6094379124341003,2
Đèn xông tinh dầu,Đèn xông,Đèn xông,0.34112024307250977,True,1.6094379124341003,2,Đèn xông,0.34112024307250977,True,1.6094379124341003,2
Tinh dầu sả chanh,Tinh dầu sả chanh,tinh dầu sả chanh,0.9882861971855164,True,1.6094379124341003,4,tinh dầu sả chanh,0.9882861971855164,True,1.6094379124341003,4
Thuốc nhuộm tóc L'oreal,Thuốc nhuộm tóc,Thuốc nhuộm tóc,0.8822566270828247,True,1.6094379124341003,3,Thuốc nhuộm tóc,0.8822566270828247,True,1.6094379124341003,3
Keo vuốt tóc Gatsby,Keo vuốt tóc,keo vuốt tóc,0.7844969034194946,True,1.6094379124341003,3,keo vuốt tóc,0.7844969034194946,True,1.6094379124341003,3
Sữa ong chúa,Sữa ong chúa,sữa ong chúa,0.9775815606117249,True,1.6094379124341003,3,sữa ong chúa,0.9775815606117249,True,1.6094379124341003,3
Yến sào thô,Yến thô,yến thô,0.6320745348930359,True,1.6094379124341003,2,yến thô,0.6320775151252747,True,1.6094379124341003,2
Đông trùng hạ thảo,Đông trùng hạ thảo,đông trùng hạ thảo,0.8235357403755188,True,1.6094379124341003,4,đông trùng hạ thảo,0.8235357403755188,True,1.6094379124341003,4
Nhụy hoa nghệ tây Saffron,Saffron,Saffron,0.8573273420333862,True,1.6094379124341003,1,Saffron,0.8573270440101624,True,1.6094379124341003,1
Hạt chia Úc,Hạt chia,Hạt chia,0.5905292630195618,True,1.6094379124341003,2,Hạt chia,0.5905292630195618,True,1.6094379124341003,2
Yến mạch Quaker,Yến mạch,yến mạch,0.41951465606689453,True,1.6094379124341003,2,yến mạch,0.41951465606689453,True,1.6094379124341003,2
Hạt điều rang muối,Hạt điều,Hạt điều,0.3146548867225647,True,1.6094379124341003,2,Hạt điều,0.3146548867225647,True,1.6094379124341003,2
Bò khô một nắng,Khô bò,bò một nắng,0.9679659008979797,False,1.6094379124341003,3,bò một nắng,0.9679659008979797,False,1.6094379124341003,3
Mực khô,Mực khô,mực khô,0.9636639356613159,True,1.6094379124341003,2,mực khô,0.9636639356613159,True,1.6094379124341003,2
Bánh tráng trộn,Bánh tráng trộn,bánh tráng trộn,0.9691309928894043,True,1.6094379124341003,3,bánh tráng trộn,0.9691309928894043,True,1.6094379124341003,3
Cơm cháy chà bông,Cơm cháy,Cơm cháy,0.6557494401931763,True,1.6094379124341003,2,Cơm cháy,0.6557494401931763,True,1.6094379124341003,2
Muối tôm Tây Ninh,Muối tôm,muối tôm,0.8169609904289246,True,1.6094379124341003,2,muối tôm,0.8169609904289246,True,1.6094379124341003,2
Nước rửa lens,Nước ngâm lens,nước rửa lens,0.9515443444252014,False,1.6094379124341003,3,nước rửa lens,0.9515443444252014,False,1.6094379124341003,3
Dụng cụ cắt móng tay,Bấm móng tay,bộ dụng cụ làm móng,0.41030487418174744,False,1.6094379124341003,3,bộ dụng cụ làm móng,0.4103037416934967,False,1.6094379124341003,3
Gương mini,Gương mini,gương mini,0.8095654249191284,True,1.6094379124341003,2,gương mini,0.8095654249191284,True,1.6094379124341003,2
Lược chải tóc,Lược chải tóc,lược chải tóc,0.5809586048126221,True,1.6094379124341003,3,lược chải tóc,0.5809586048126221,True,1.6094379124341003,3
Dây buộc tóc,Dây buộc tóc,dây buộc tóc,0.8765856027603149,True,1.6094379124341003,3,dây buộc tóc,0.8765856027603149,True,1.6094379124341003,3
Kẹp tăm,Kẹp tăm,kẹp tăm,0.9924578070640564,True,1.6094379124341003,2,kẹp tăm,0.9924578070640564,True,1.6094379124341003,2
Giấy A4 Double A,Giấy A4,giấy A4,0.3038679361343384,True,1.6094379124341003,2,giấy A4,0.3038679361343384,True,1.6094379124341003,2
Bút xóa Plus,Bút xóa kéo,bút xóa Plus,0.9872233867645264,False,1.6094379124341003,3,bút xóa Plus,0.9872233867645264,False,1.6094379124341003,3
File kẹp tài liệu,File kẹp,file kẹp,0.8517904281616211,True,1.6094379124341003,2,file kẹp,0.8517904281616211,True,1.6094379124341003,2
Kéo văn phòng,Kéo,kéo,0.232487753033638,True,1.6094379124341003,1,kéo,0.232487753033638,True,1.6094379124341003,1
Dập ghim Deli,Dập ghim,dập ghim,0.8905100226402283,True,1.6094379124341003,2,dập ghim,0.8905100226402283,True,1.6094379124341003,2
Băng keo trong,Băng keo trong,băng keo trong,0.8990672826766968,True,1.6094379124341003,3,băng keo trong,0.8990672826766968,True,1.6094379124341003,3
Hồ khô,Hồ khô,hồ khô,0.953253984451294,True,1.6094379124341003,2,hồ khô,0.953253984451294,True,1.6094379124341003,2
Sổ lò xo,Sổ lò xo,sổ lò xo,0.9515252113342285,True,1.6094379124341003,3,sổ lò xo,0.9515252113342285,True,1.6094379124341003,3
Nhãn vở,Nhãn vở,nhãn vở,0.9582474827766418,True,1.6094379124341003,2,nhãn vở,0.9582474827766418,True,1.6094379124341003,2
Thước kẻ 20cm,Thước kẻ,Thước kẻ,0.5540852546691895,True,1.6094379124341003,2,Thước kẻ,0.5540852546691895,True,1.6094379124341003,2
Hộp bút,Hộp bút,hộp bút kim loại,0.5461893081665039,False,1.6094379124341003,2,hộp bút kim loại,0.5461864471435547,False,1.6094379124341003,2
Cặp sách Miti,Cặp sách,Cặp sách,0.30029693245887756,True,1.6094379124341003,2,Cặp sách,0.30029693245887756,True,1.6094379124341003,2
Mực bút máy Queen,Mực,mực,0.15371325612068176,True,0.916290731874155,1,mực,0.15371325612068176,True,0.916290731874155,1
Bảng con,Bảng con,bảng con,0.9355268478393555,True,1.6094379124341003,2,bảng con,0.9355268478393555,True,1.6094379124341003,2
Phấn không bụi Mungyo,Phấn không bụi,phấn không bụi,0.7118939161300659,True,1.6094379124341003,3,phấn không bụi,0.7118939161300659,True,1.6094379124341003,3
Đèn học chống cận,Đèn học chống cận,đèn học,0.14807884395122528,False,1.6094379124341003,2,đèn học,0.14807884395122528,False,1.6094379124341003,2
Ghế xoay văn phòng Hòa Phát,Ghế xoay,ghế xoay,0.17763985693454742,True,1.6094379124341003,2,ghế xoay,0.17763985693454742,True,1.6094379124341003,2
Bàn làm việc,Bàn làm việc,bàn làm việc,0.5356464385986328,True,1.6094379124341003,3,bàn làm việc,0.5356464385986328,True,1.6094379124341003,3
Kệ sách treo tường,Kệ sách,Kệ sách,0.14047299325466156,True,1.6094379124341003,2,Kệ sách,0.14047299325466156,True,1.6094379124341003,2
Tủ quần áo,Tủ quần áo,tủ quần áo,0.9373709559440613,True,1.6094379124341003,3,tủ quần áo,0.9373709559440613,True,1.6094379124341003,3
Giường ngủ,Giường ngủ,giường đôi,0.1679827719926834,False,1.6094379124341003,1,giường đôi,0.16798371076583862,False,1.6094379124341003,1
Nệm Kim Đan,Nệm cao su,Kim Đan,0.590833842754364,False,1.6094379124341003,2,Kim Đan,0.590833842754364,False,1.6094379124341003,2
Gối cao su Liên Á,Gối cao su,gối cao su,0.27750280499458313,True,1.6094379124341003,3,gối cao su,0.27750280499458313,True,1.6094379124341003,3
Chăn hè Everon,Chăn hè,chăn hè,0.8537458777427673,True,1.6094379124341003,2,chăn hè,0.8537458777427673,True,1.6094379124341003,2
Màn chống muỗi,Màn chống muỗi,màn chống muỗi,0.9665176868438721,True,1.6094379124341003,3,màn chống muỗi,0.9665176868438721,True,1.6094379124341003,3
Rèm cửa sổ,Rèm cửa,rèm cửa,0.693681538105011,True,1.6094379124341003,2,rèm cửa,0.693681538105011,True,1.6094379124341003,2
Thảm trải sàn,Thảm trải sàn,thảm trải sàn,0.8715301156044006,True,1.6094379124341003,3,thảm trải sàn,0.8715301156044006,True,1.6094379124341003,3
Dép đi trong nhà,Dép đi trong nhà,dép đi trong nhà,0.9380234479904175,True,1.6094379124341003,4,dép đi trong nhà,0.9380234479904175,True,1.6094379124341003,4
Giấy dán tường,Giấy dán tường,giấy dán tường,0.858132541179657,True,1.6094379124341003,3,giấy dán tường,0.858132541179657,True,1.6094379124341003,3
Tranh treo tường,Tranh treo tường,tranh treo tường,0.9463317394256592,True,1.6094379124341003,3,tranh treo tường,0.9463317394256592,True,1.6094379124341003,3
Đồng hồ treo tường,Đồng hồ treo tường,đồng hồ treo tường,0.9765449166297913,True,1.6094379124341003,4,đồng hồ treo tường,0.9765449166297913,True,1.6094379124341003,4
Lọ hoa Bát Tràng,Lọ hoa gốm,lọ hoa Bát Tràng,0.9938223361968994,False,1.6094379124341003,4,lọ hoa Bát Tràng,0.9938223361968994,False,1.6094379124341003,4
Cây cảnh để bàn,Cây cảnh để bàn,cây cảnh mini,0.1548786610364914,False,1.6094379124341003,2,cây cảnh mini,0.1548779010772705,False,1.6094379124341003,2
Album ảnh,Album ảnh,album ảnh,0.9174880981445312,True,1.6094379124341003,2,album ảnh,0.9174880981445312,True,1.6094379124341003,2
Thiệp chúc mừng,Thiệp chúc mừng,thiệp chúc mừng,0.8669641017913818,True,1.6094379124341003,3,thiệp chúc mừng,0.8669641017913818,True,1.6094379124341003,3
Giấy gói quà,Giấy gói quà,giấy gói quà,0.9439748525619507,True,1.6094379124341003,3,giấy gói quà,0.9439748525619507,True,1.6094379124341003,3
Bóng bay,Bóng bay,bóng bay heli,0.6410841345787048,False,1.6094379124341003,2,bóng bay heli,0.6410841345787048,False,1.6094379124341003,2
Ruy băng,Ruy băng,ruy băng,0.9644813537597656,True,1.6094379124341003,2,ruy băng,0.9644813537597656,True,1.6094379124341003,2
Thuốc xịt chuột,Thuốc xịt chuột,thuốc xịt chuột,0.9524204134941101,True,1.6094379124341003,3,thuốc xịt chuột,0.9524204134941101,True,1.6094379124341003,3
Bột thông cống,Bột thông cống,bột thông cống,0.9399399757385254,True,1.6094379124341003,3,bột thông cống,0.9399399757385254,True,1.6094379124341003,3
Bùi nhùi thép,Bùi nhùi,bùi nhùi,0.9274632334709167,True,1.6094379124341003,2,bùi nhùi,0.9274632334709167,True,1.6094379124341003,2
Giẻ lau đa năng,Giẻ lau đa năng,giẻ lau đa năng,0.9875190258026123,True,1.6094379124341003,4,giẻ lau đa năng,0.9875190258026123,True,1.6094379124341003,4
Xô nhựa,Xô,xô,0.6172699928283691,True,1.6094379124341003,1,xô,0.6172699928283691,True,1.6094379124341003,1
Móc quần áo,Móc quần áo,móc treo quần áo,0.7406906485557556,False,1.6094379124341003,3,móc treo quần áo,0.740689754486084,False,1.6094379124341003,3
Kẹp phơi đồ,Kẹp phơi,kẹp phơi,0.9593946933746338,True,1.6094379124341003,2,kẹp phơi,0.9593946933746338,True,1.6094379124341003,2
Thùng rác thông minh,Thùng rác thông minh,thùng rác thông minh,0.8489149808883667,True,1.6094379124341003,4,thùng rác thông minh,0.8489149808883667,True,1.6094379124341003,4
Túi hút chân không,Túi hút chân không,túi hút chân không,0.9339956641197205,True,1.6094379124341003,4,túi hút chân không,0.9339956641197205,True,1.6094379124341003,4
Cân sức khỏe điện tử,Cân sức khỏe,cân sức khỏe,0.47605443000793457,True,1.6094379124341003,3,cân sức khỏe,0.47605443000793457,True,1.6094379124341003,3
Nước hoa ô tô,Nước hoa ô tô,nước hoa ô tô,0.9875444173812866,True,1.6094379124341003,4,nước hoa ô tô,0.9875444173812866,True,1.6094379124341003,4
Thảm lót sàn ô tô,Thảm lót sàn,thảm lót sàn,0.6861659288406372,True,1.6094379124341003,3,thảm lót sàn,0.6861659288406372,True,1.6094379124341003,3
Camera hành trình Vietmap,Camera hành trình,camera hành trình,0.46446365118026733,True,1.6094379124341003,3,camera hành trình,0.46446365118026733,True,1.6094379124341003,3
Bơm lốp ô tô,Bơm lốp,Bơm lốp,0.8546606302261353,True,1.6094379124341003,2,Bơm lốp,0.8546606302261353,True,1.6094379124341003,2
Nước rửa kính ô tô,Nước rửa kính,nước rửa kính,0.626727819442749,True,1.6094379124341003,3,nước rửa kính,0.626727819442749,True,1.6094379124341003,3
Khăn lau xe microfiber,Khăn lau xe,khăn lau xe,0.695753812789917,True,1.6094379124341003,3,khăn lau xe,0.695753812789917,True,1.6094379124341003,3
Xi đánh bóng xe Cana,Xi đánh bóng,Xi đánh bóng,0.8625600934028625,True,1.6094379124341003,3,Xi đánh bóng,0.8625600934028625,True,1.6094379124341003,3
Áo trùm xe máy,Áo trùm xe,áo trùm xe,0.9529022574424744,True,1.6094379124341003,3,áo trùm xe,0.9529022574424744,True,1.6094379124341003,3
Yếm xe vespa,Yếm xe,yếm xe,0.8479340076446533,True,1.6094379124341003,2,yếm xe,0.8479340076446533,True,1.6094379124341003,2
Gác baga xe đạp,Gác baga,gác baga,0.9674473404884338,True,1.6094379124341003,2,gác baga,0.9674473404884338,True,1.6094379124341003,2
Đèn hậu xe đạp,Đèn hậu,đèn hậu,0.30657246708869934,True,1.6094379124341003,2,đèn hậu,0.30657246708869934,True,1.6094379124341003,2
Khóa dây xe đạp,Khóa dây,khóa dây,0.615500271320343,True,1.6094379124341003,2,khóa dây,0.615500271320343,True,1.6094379124341003,2
Mũ bảo hiểm xe đạp,Mũ bảo hiểm,Mũ bảo hiểm,0.3265498876571655,True,1.6094379124341003,3,Mũ bảo hiểm,0.3265498876571655,True,1.6094379124341003,3
Quần áo đi xe đạp,Quần áo,Quần áo,0.161757230758667,True,1.6094379124341003,2,Quần áo,0.161757230758667,True,1.6094379124341003,2
Giày leo núi,Giày leo núi,giày leo núi,0.9200320243835449,True,1.6094379124341003,3,giày leo núi,0.9200320243835449,True,1.6094379124341003,3
Gậy trekking,Gậy trekking,gậy trekking,0.9561429619789124,True,1.6094379124341003,2,gậy trekking,0.9561429619789124,True,1.6094379124341003,2
Lều cắm trại 2 người,Lều 2 người,Lều 2 người,0.5650122761726379,True,1.6094379124341003,3,Lều 2 người,0.5650122761726379,True,1.6094379124341003,3
Võng du lịch,Võng,Võng,0.47240182757377625,True,1.6094379124341003,1,Võng,0.47240182757377625,True,1.6094379124341003,1
Ghế câu cá,Ghế câu,ghế câu,0.8482193946838379,True,1.6094379124341003,2,ghế câu,0.8482193946838379,True,1.6094379124341003,2
Áo khoác chống nắng,Áo chống nắng,Áo khoác,0.34537646174430847,False,1.6094379124341003,2,Áo khoác,0.34537646174430847,False,1.6094379124341003,2
Kem chống hăm Bepanthen,Kem chống hăm,kem chống hăm,0.6059277653694153,True,1.6094379124341003,3,kem chống hăm,0.6059277653694153,True,1.6094379124341003,3
Siro ăn ngon cho bé,Siro ăn ngon,Siro ăn ngon,0.860388457775116,True,1.6094379124341003,3,Siro ăn ngon,0.860388457775116,True,1.6094379124341003,3
Men vi sinh BioGaia,Men vi sinh,Men vi sinh,0.7283291816711426,True,1.6094379124341003,3,Men vi sinh,0.7283291816711426,True,1.6094379124341003,3
Oresol,Oresol,oresol,0.9816510677337646,True,1.6094379124341003,1,oresol,0.9816510677337646,True,1.6094379124341003,1
Dầu cá Omega 3,Dầu cá,Dầu cá,0.1928166002035141,True,1.6094379124341003,2,Dầu cá,0.1928166002035141,True,1.6094379124341003,2
Collagen Shiseido,Collagen nước,Shiseido,0.7264375686645508,False,1.6094379124341003,1,Shiseido,0.7264413237571716,False,1.6094379124341003,1
Nhau thai cừu Úc,Nhau thai cừu,nhau thai cừu,0.9545259475708008,True,1.6094379124341003,3,nhau thai cừu,0.9545259475708008,True,1.6094379124341003,3
Tinh chất hàu Oyster Plus,Tinh chất hàu,tinh chất hàu,0.6478998064994812,True,1.6094379124341003,3,tinh chất hàu,0.6478998064994812,True,1.6094379124341003,3
Glucosamine,Glucosamine,Glucosamine,0.6299999952316284,True,1.6094379124341003,1,Glucosamine,0.6299999952316284,True,1.6094379124341003,1
Sụn vi cá mập,Sụn vi cá mập,sụn vi cá mập,0.985801637172699,True,1.6094379124341003,4,sụn vi cá mập,0.985801637172699,True,1.6094379124341003,4
Hoạt huyết dưỡng não,Hoạt huyết dưỡng não,hoạt huyết dưỡng não,0.9873204231262207,True,1.6094379124341003,4,hoạt huyết dưỡng não,0.9873204231262207,True,1.6094379124341003,4
Nước hoa hồng diếp cá,Nước hoa hồng,nước hoa hồng,0.42582976818084717,True,1.6094379124341003,3,nước hoa hồng,0.42582976818084717,True,1.6094379124341003,3
Serum trà xanh,Serum trà xanh,serum trà xanh,0.9436903595924377,True,1.6094379124341003,3,serum trà xanh,0.9436903595924377,True,1.6094379124341003,3
Kem ốc sên,Kem ốc sên,kem ốc sên,0.9728441834449768,True,1.6094379124341003,3,kem ốc sên,0.9728441834449768,True,1.6094379124341003,3
Mặt nạ tổ yến,Mặt nạ tổ yến,mặt nạ tổ yến,0.9871192574501038,True,1.6094379124341003,4,mặt nạ tổ yến,0.9871192574501038,True,1.6094379124341003,4
Dầu dừa,Dầu dừa,dầu dừa,0.7572493553161621,True,1.6094379124341003,2,dầu dừa,0.7572493553161621,True,1.6094379124341003,2
Bột trà xanh,Bột trà xanh,bột trà xanh,0.9281607270240784,True,1.6094379124341003,3,bột trà xanh,0.9281607270240784,True,1.6094379124341003,3
Cám gạo,Bột cám gạo,Bột cám gạo,0.7025874257087708,True,1.6094379124341003,2,Bột cám gạo,0.7025861144065857,True,1.6094379124341003,2
Nước vo gạo,Nước vo gạo,Nước vo gạo,0.917680561542511,True,1.6094379124341003,3,Nước vo gạo,0.917680561542511,True,1.6094379124341003,3
Giấm táo,Giấm táo,giấm táo,0.8661919832229614,True,1.6094379124341003,2,giấm táo,0.8661919832229614,True,1.6094379124341003,2
Mật ong Manuka,Mật ong Manuka,mật ong Manuka,0.9668611884117126,True,1.6094379124341003,3,mật ong Manuka,0.9668611884117126,True,1.6094379124341003,3
Tỏi đen,Tỏi đen,tỏi đen,0.8787640929222107,True,1.6094379124341003,2,tỏi đen,0.8787640929222107,True,1.6094379124341003,2
Rượu tỏi,Rượu tỏi,rượu tỏi,0.8604729175567627,True,1.6094379124341003,2,rượu tỏi,0.8604729175567627,True,1.6094379124341003,2
Chè vằng,Chè vằng,chè vằng,0.9696512222290039,True,1.6094379124341003,2,chè vằng,0.9696512222290039,True,1.6094379124341003,2
Lá sen khô,Lá sen,lá sen,0.9527166485786438,True,1.6094379124341003,2,lá sen,0.9527166485786438,True,1.6094379124341003,2
Kim chi Hàn Quốc,Kim chi,kim chi,0.41063880920410156,True,1.6094379124341003,2,kim chi,0.41063880920410156,True,1.6094379124341003,2
Rong biển cháy tỏi,Rong biển cháy tỏi,rong biển cháy tỏi,0.9911463260650635,True,1.6094379124341003,4,rong biển cháy tỏi,0.9911463260650635,True,1.6094379124341003,4
Bánh gạo Tokbokki,Tokbokki,tokbokki,0.6764293313026428,True,1.6094379124341003,1,tokbokki,0.6764370203018188,True,1.6094379124341003,1
Sốt tương ớt Gochujang,Gochujang,Gochujang,0.6312114596366882,True,1.6094379124341003,1,Gochujang,0.6312099099159241,True,1.6094379124341003,1
Dầu mè,Dầu mè,dầu mè,0.9366161823272705,True,1.6094379124341003,2,dầu mè,0.9366161823272705,True,1.6094379124341003,2
Miến dong,Miến dong,miến dong,0.9674658179283142,True,1.6094379124341003,2,miến dong,0.9674658179283142,True,1.6094379124341003,2
Bột năng,Bột năng,bột năng,0.9388763308525085,True,1.6094379124341003,2,bột năng,0.9388763308525085,True,1.6094379124341003,2
Nước cốt dừa,Nước cốt dừa,nước cốt dừa,0.9280214309692383,True,1.6094379124341003,3,nước cốt dừa,0.9280214309692383,True,1.6094379124341003,3
Vani,Hương vani,Hương vani,0.9220167398452759,True,1.6094379124341003,1,Hương vani,0.9220138192176819,True,1.6094379124341003,1
Bột nở (baking powder),Baking powder,baking powder,0.8048505783081055,True,1.6094379124341003,2,baking powder,0.8048489093780518,True,1.6094379124341003,2
Men nở (yeast),Men nở,men nở,0.9213345646858215,True,1.6094379124341003,2,men nở,0.9213345646858215,True,1.6094379124341003,2
Giấy nến (parchment paper),Giấy nến,giấy nến,0.8975828289985657,True,1.6094379124341003,2,giấy nến,0.8975828289985657,True,1.6094379124341003,2
Khuôn làm bánh,Khuôn làm bánh,khuôn làm bánh,0.9457837343215942,True,1.6094379124341003,3,khuôn làm bánh,0.9457837343215942,True,1.6094379124341003,3
Máy đánh trứng,Máy đánh trứng,máy đánh trứng,0.8844094276428223,True,1.6094379124341003,3,máy đánh trứng,0.8844094276428223,True,1.6094379124341003,3
Lò nướng Sanaky,Lò nướng,lò nướng,0.7338299751281738,True,1.6094379124341003,2,lò nướng,0.7338299751281738,True,1.6094379124341003,2
Cân tiểu ly,Cân tiểu ly,cân tiểu ly,0.9368820786476135,True,1.6094379124341003,3,cân tiểu ly,0.9368820786476135,True,1.6094379124341003,3
Thìa đong,Thìa đong,thìa đong,0.9883208274841309,True,1.6094379124341003,2,thìa đong,0.9883208274841309,True,1.6094379124341003,2
Phới lồng,Phới lồng,phới lồng,0.9347493648529053,True,1.6094379124341003,2,phới lồng,0.9347493648529053,True,1.6094379124341003,2
