query,expected,adaptive_lexical_pred,adaptive_lexical_score,adaptive_lexical_correct,adaptive_lexical_specificity,adaptive_lexical_overlap,adaptive_semantic_pred,adaptive_semantic_score,adaptive_semantic_correct,adaptive_semantic_specificity,adaptive_semantic_overlap,adaptive_bm25_pred,adaptive_bm25_score,adaptive_bm25_correct,adaptive_bm25_specificity,adaptive_bm25_overlap,optimized_bm25_pred,optimized_bm25_score,optimized_bm25_correct,optimized_bm25_bm25_score,optimized_bm25_overlap
iPhone 15 Pro Max 256GB Titan Tự Nhiên VNA,Điện thoại Smartphone,Điện thoại Smartphone,0.0,True,0.0,0,Thẻ nhớ & USB,0.09417016804218292,False,4.736198448394496,0,Điện thoại Smartphone,0.0,True,0.0,0,Điện thoại Smartphone,0.0,True,0.0,0
Samsung Galaxy S24 Ultra 5G 12GB/256GB,Điện thoại Smartphone,Điện thoại Smartphone,0.0,True,0.0,0,Máy tính bảng,0.029761817306280136,False,4.736198448394496,0,Điện thoại Smartphone,0.0,True,0.0,0,Điện thoại Smartphone,0.0,True,0.0,0
Xiaomi Redmi Note 13 Pro 8GB/128GB,Điện thoại Smartphone,Điện thoại Smartphone,0.0,True,0.0,0,Máy tính bảng,0.02789979614317417,False,4.736198448394496,0,Điện thoại Smartphone,0.0,True,0.0,0,Điện thoại Smartphone,0.0,True,0.0,0
OPPO Reno10 5G 256GB Xanh Băng Tuyết,Điện thoại Smartphone,Điện thoại Smartphone,0.0,True,0.0,0,Thẻ nhớ & USB,0.06360026448965073,False,4.736198448394496,0,Điện thoại Smartphone,0.0,True,0.0,0,Điện thoại Smartphone,0.0,True,0.0,0
Realme C55 6GB/128GB Chính Hãng,Điện thoại Smartphone,Điện thoại Smartphone,0.0,True,0.0,0,Thẻ nhớ & USB,0.05998077243566513,False,4.736198448394496,0,Điện thoại Smartphone,0.0,True,0.0,0,Điện thoại Smartphone,0.0,True,0.0,0
Vivo V29e 5G 8GB/256GB,Điện thoại Smartphone,Điện thoại Smartphone,0.0,True,0.0,0,Balo Laptop,0.03559836372733116,False,4.736198448394496,0,Điện thoại Smartphone,0.0,True,0.0,0,Điện thoại Smartphone,0.0,True,0.0,0
Nokia 105 4G Pro 2 Sim,Điện thoại Smartphone,Điện thoại Smartphone,0.0,True,0.0,0,Thiết bị mạng & Wifi,0.03613598644733429,False,4.736198448394496,0,Điện thoại Smartphone,0.0,True,0.0,0,Điện thoại Smartphone,0.0,True,0.0,0
Asus ROG Phone 7 Ultimate Gaming Phone,Điện thoại Smartphone,Laptop Gaming,0.036614008247852325,False,4.736198448394496,1,Laptop Gaming,0.036613840609788895,False,4.736198448394496,1,Laptop Gaming,0.036614008247852325,False,4.736198448394496,1,Laptop Gaming,0.036614008247852325,False,5.186146173340856,1
Google Pixel 7 Pro 128GB Quốc Tế,Điện thoại Smartphone,Điện thoại Smartphone,0.0,True,0.0,0,Thẻ nhớ & USB,0.06871973723173141,False,4.736198448394496,0,Điện thoại Smartphone,0.0,True,0.0,0,Điện thoại Smartphone,0.0,True,0.0,0
Samsung Galaxy Z Flip5 512GB,Điện thoại Smartphone,Điện thoại Smartphone,0.0,True,0.0,0,Thẻ nhớ & USB,0.042768560349941254,False,4.736198448394496,0,Điện thoại Smartphone,0.0,True,0.0,0,Điện thoại Smartphone,0.0,True,0.0,0
Laptop Dell Vostro 3510 i5-1135G7,Laptop văn phòng,Laptop văn phòng,0.05367502197623253,True,4.736198448394496,1,Laptop văn phòng,0.05367505922913551,True,4.736198448394496,1,Laptop văn phòng,0.05367502197623253,True,4.736198448394496,1,Laptop văn phòng,0.05367502197623253,True,3.5452275377731155,1
MacBook Air M1 2020 8GB/256GB Gold,Laptop văn phòng,Điện thoại Smartphone,0.0,False,0.0,0,Balo Laptop,0.022747322916984558,False,4.736198448394496,0,Điện thoại Smartphone,0.0,False,0.0,0,Điện thoại Smartphone,0.0,False,0.0,0
Laptop HP Pavilion 15 i5-1240P,Laptop văn phòng,Laptop văn phòng,0.043524205684661865,True,4.736198448394496,1,Laptop văn phòng,0.04352515935897827,True,4.736198448394496,1,Laptop văn phòng,0.043524205684661865,True,4.736198448394496,1,Laptop văn phòng,0.043524205684661865,True,3.5452275377731155,1
Asus Zenbook 14 OLED UX3402,Laptop văn phòng,Điện thoại Smartphone,0.0,False,0.0,0,Máy tính bảng,0.03423606976866722,False,4.736198448394496,0,Điện thoại Smartphone,0.0,False,0.0,0,Điện thoại Smartphone,0.0,False,0.0,0
Lenovo ThinkBook 14 G3 ACL,Laptop văn phòng,Điện thoại Smartphone,0.0,False,0.0,0,Laptop văn phòng,0.05076082423329353,True,4.736198448394496,0,Điện thoại Smartphone,0.0,False,0.0,0,Điện thoại Smartphone,0.0,False,0.0,0
Laptop Gaming MSI GF63 Thin 11SC,Laptop Gaming,Laptop Gaming,0.07337944954633713,True,4.736198448394496,2,Laptop Gaming,0.07337944954633713,True,4.736198448394496,2,Laptop Gaming,0.07337906211614609,True,4.736198448394496,2,Laptop Gaming,0.07337906211614609,True,9.335292597674693,2
Laptop Acer Nitro 5 Tiger i5-12500H,Laptop Gaming,Laptop văn phòng,0.032418642193078995,False,4.736198448394496,1,Laptop văn phòng,0.03241870552301407,False,4.736198448394496,1,Laptop văn phòng,0.032418642193078995,False,4.736198448394496,1,Laptop văn phòng,0.032418642193078995,False,3.5452275377731155,1
Asus TUF Gaming F15 FX506HF,Laptop Gaming,Laptop Gaming,0.022071244195103645,True,4.736198448394496,1,Thẻ nhớ & USB,0.05455983802676201,False,4.736198448394496,0,Laptop Gaming,0.022071244195103645,True,4.736198448394496,1,Laptop Gaming,0.022071244195103645,True,5.186146173340856,1
Lenovo Legion 5 15IAH7H,Laptop Gaming,Điện thoại Smartphone,0.0,False,0.0,0,Laptop văn phòng,0.03764853999018669,False,4.736198448394496,0,Điện thoại Smartphone,0.0,False,0.0,0,Điện thoại Smartphone,0.0,False,0.0,0
Dell G15 5511 Gaming Laptop,Laptop Gaming,Laptop Gaming,0.032756347209215164,True,4.736198448394496,2,Laptop Gaming,0.03275585547089577,True,4.736198448394496,2,Laptop Gaming,0.032756347209215164,True,4.736198448394496,2,Laptop Gaming,0.032756347209215164,True,9.335292597674693,2
iPad Gen 9 10.2 inch WiFi 64GB,Máy tính bảng,Thiết bị mạng & Wifi,0.04003697261214256,False,4.736198448394496,1,Thiết bị mạng & Wifi,0.04003650322556496,False,4.736198448394496,1,Thiết bị mạng & Wifi,0.04003697261214256,False,4.736198448394496,1,Thiết bị mạng & Wifi,0.04003697261214256,False,3.868254910468356,1
Samsung Galaxy Tab S9 Ultra,Máy tính bảng,Điện thoại Smartphone,0.0,False,0.0,0,Máy tính bảng,0.024214325472712517,True,4.736198448394496,0,Điện thoại Smartphone,0.0,False,0.0,0,Điện thoại Smartphone,0.0,False,0.0,0
Xiaomi Pad 6 8GB/128GB,Máy tính bảng,Điện thoại Smartphone,0.0,False,0.0,0,Thẻ nhớ & USB,0.035069432109594345,False,4.736198448394496,0,Điện thoại Smartphone,0.0,False,0.0,0,Điện thoại Smartphone,0.0,False,0.0,0
Lenovo Tab M10 Gen 3,Máy tính bảng,Điện thoại Smartphone,0.0,False,0.0,0,Máy tính bảng,0.03249789774417877,True,4.736198448394496,0,Điện thoại Smartphone,0.0,False,0.0,0,Điện thoại Smartphone,0.0,False,0.0,0
iPad Air 5 M1 WiFi 64GB,Máy tính bảng,Thiết bị mạng & Wifi,0.04834514856338501,False,4.736198448394496,1,Thiết bị mạng & Wifi,0.048344630748033524,False,4.736198448394496,1,Thiết bị mạng & Wifi,0.04834514856338501,False,4.736198448394496,1,Thiết bị mạng & Wifi,0.04834514856338501,False,3.868254910468356,1
Apple Watch Series 9 GPS 41mm,Đồng hồ thông minh,Điện thoại Smartphone,0.0,False,0.0,0,Dép nam,0.023578239604830742,False,4.736198448394496,0,Điện thoại Smartphone,0.0,False,0.0,0,Điện thoại Smartphone,0.0,False,0.0,0
Samsung Galaxy Watch 6 Classic 43mm,Đồng hồ thông minh,Điện thoại Smartphone,0.0,False,0.0,0,Mũ nón,0.02729984186589718,False,4.736198448394496,0,Điện thoại Smartphone,0.0,False,0.0,0,Điện thoại Smartphone,0.0,False,0.0,0
Đồng hồ thông minh Garmin Forerunner 265,Đồng hồ thông minh,Đồng hồ thông minh,0.18872331082820892,True,4.736198448394496,4,Đồng hồ thông minh,0.18872331082820892,True,4.736198448394496,4,Đồng hồ thông minh,0.18872331082820892,True,4.736198448394496,4,Đồng hồ thông minh,0.18872331082820892,True,15.473019641873424,4
Huawei Watch GT 4 dây da,Đồng hồ thông minh,Tai nghe có dây,0.027165856212377548,False,4.736198448394496,1,Tai nghe có dây,0.02716565504670143,False,4.736198448394496,1,Tai nghe có dây,0.027165856212377548,False,4.736198448394496,1,Tai nghe có dây,0.027165856212377548,False,3.868254910468356,1
Xiaomi Redmi Watch 3 Active,Đồng hồ thông minh,Điện thoại Smartphone,0.0,False,0.0,0,Tai nghe Bluetooth,0.020319467410445213,False,4.736198448394496,0,Điện thoại Smartphone,0.0,False,0.0,0,Điện thoại Smartphone,0.0,False,0.0,0
Tai nghe Bluetooth Apple AirPods Pro 2,Tai nghe Bluetooth,Tai nghe Bluetooth,0.1637372076511383,True,4.736198448394496,3,Tai nghe Bluetooth,0.1637372076511383,True,4.736198448394496,3,Tai nghe Bluetooth,0.16373735666275024,True,4.736198448394496,3,Tai nghe Bluetooth,0.16373735666275024,True,11.697022205763243,3
Tai nghe Samsung Galaxy Buds 2 Pro,Tai nghe Bluetooth,Tai nghe Bluetooth,0.0755281001329422,True,4.736198448394496,2,Tai nghe Bluetooth,0.07552844285964966,True,4.736198448394496,2,Tai nghe Bluetooth,0.0755281001329422,True,4.736198448394496,2,Tai nghe Bluetooth,0.0755281001329422,True,7.798014803842163,2
Tai nghe Sony WF-1000XM5 Chống ồn,Tai nghe Bluetooth,Tai nghe Bluetooth,0.03192958980798721,True,4.736198448394496,2,Loa vi tính,0.06866054981946945,False,4.736198448394496,0,Tai nghe Bluetooth,0.03192958980798721,True,4.736198448394496,2,Tai nghe Bluetooth,0.03192958980798721,True,7.798014803842163,2
Tai nghe Marshall Minor III True Wireless,Tai nghe Bluetooth,Tai nghe Bluetooth,0.0960005670785904,True,4.736198448394496,2,Tai nghe Bluetooth,0.09599999338388443,True,4.736198448394496,2,Tai nghe Bluetooth,0.0960005670785904,True,4.736198448394496,2,Tai nghe Bluetooth,0.0960005670785904,True,7.798014803842163,2
Tai nghe Bluetooth Baseus Bowie E3,Tai nghe Bluetooth,Tai nghe Bluetooth,0.12470028549432755,True,4.736198448394496,3,Tai nghe Bluetooth,0.12470028549432755,True,4.736198448394496,3,Tai nghe Bluetooth,0.12470132857561111,True,4.736198448394496,3,Tai nghe Bluetooth,0.12470132857561111,True,11.697022205763243,3
Tai nghe chụp tai Sony WH-CH520,Tai nghe Bluetooth,Tai nghe Bluetooth,0.0463411882519722,True,4.736198448394496,2,Tai nghe Bluetooth,0.04634135216474533,True,4.736198448394496,2,Tai nghe Bluetooth,0.0463411882519722,True,4.736198448394496,2,Tai nghe Bluetooth,0.0463411882519722,True,11.697022205763243,2
Tai nghe có dây JBL C150SI,Tai nghe có dây,Tai nghe có dây,0.5426552891731262,True,4.736198448394496,4,Tai nghe có dây,0.5426552891731262,True,4.736198448394496,4,Tai nghe có dây,0.5426545739173889,True,4.736198448394496,4,Tai nghe có dây,0.5426545739173889,True,14.543718037937754,4
Tai nghe in-ear Sony MDR-EX155AP,Tai nghe có dây,Tai nghe Bluetooth,0.030458964407444,False,4.736198448394496,2,Tai nghe Bluetooth,0.030459072440862656,False,4.736198448394496,2,Tai nghe Bluetooth,0.030458964407444,False,4.736198448394496,2,Tai nghe Bluetooth,0.030458964407444,False,7.798014803842163,2
Loa Bluetooth JBL Flip 6 Chống nước,Loa Bluetooth,Loa Bluetooth,0.12552766501903534,True,4.736198448394496,2,Loa Bluetooth,0.12552766501903534,True,4.736198448394496,2,Loa Bluetooth,0.12552861869335175,True,4.736198448394496,2,Loa Bluetooth,0.12552861869335175,True,9.126383256231682,2
Loa Marshall Emberton II Cream,Loa Bluetooth,Loa vi tính,0.02607898972928524,False,4.736198448394496,1,Dầu gội & Dầu xả,0.03740643709897995,False,4.736198448394496,0,Loa vi tính,0.02607898972928524,False,4.736198448394496,1,Loa vi tính,0.02607898972928524,False,3.8990074019210814,1
Loa Harman Kardon Onyx Studio 7,Loa Bluetooth,Loa Bluetooth,0.08916854113340378,True,4.736198448394496,1,Tivi,0.10609588772058487,False,4.736198448394496,0,Loa Bluetooth,0.08916854113340378,True,4.736198448394496,1,Loa Bluetooth,0.08916854113340378,True,4.563191628115841,1
Loa vi tính Logitech Z213 2.1,Loa vi tính,Loa vi tính,0.35662850737571716,True,4.736198448394496,3,Loa vi tính,0.35662850737571716,True,4.736198448394496,3,Loa vi tính,0.3566269874572754,True,4.736198448394496,3,Loa vi tính,0.3566269874572754,True,11.07660371809818,3
Loa Soundbar Sony HT-S20R 5.1,Loa vi tính,Loa Bluetooth,0.040728725492954254,False,4.736198448394496,1,Loa Bluetooth,0.04072842374444008,False,4.736198448394496,1,Loa Bluetooth,0.040728725492954254,False,4.736198448394496,1,Loa Bluetooth,0.040728725492954254,False,4.563191628115841,1
Chuột không dây Logitech M331 Silent,Chuột máy tính,Chuột máy tính,0.037883076816797256,True,4.736198448394496,1,Bàn phím cơ,0.04654679074883461,False,4.736198448394496,0,Chuột máy tính,0.037883076816797256,True,4.736198448394496,1,Chuột máy tính,0.037883076816797256,True,4.431289317921971,1
Chuột Gaming Logitech G102 Lightsync,Chuột máy tính,Chuột máy tính,0.026903316378593445,True,4.736198448394496,1,Tai nghe Bluetooth,0.03297113627195358,False,4.736198448394496,0,Chuột máy tính,0.026903316378593445,True,4.736198448394496,1,Chuột máy tính,0.026903316378593445,True,4.431289317921971,1
Chuột Bluetooth Apple Magic Mouse 2,Chuột máy tính,Chuột máy tính,0.026370860636234283,True,4.736198448394496,1,Chuột máy tính,0.026370910927653313,True,4.736198448394496,1,Chuột máy tính,0.026370860636234283,True,4.736198448394496,1,Chuột máy tính,0.026370860636234283,True,4.431289317921971,1
Chuột Razer DeathAdder Essential,Chuột máy tính,Chuột máy tính,0.05116411671042442,True,4.736198448394496,1,Thẻ nhớ & USB,0.059957411140203476,False,4.736198448394496,0,Chuột máy tính,0.05116411671042442,True,4.736198448394496,1,Chuột máy tính,0.05116411671042442,True,4.431289317921971,1
Bàn phím cơ Keychron K2 Pro Nhôm LED RGB,Bàn phím cơ,Bàn phím cơ,0.10903172194957733,True,4.736198448394496,3,Bàn phím cơ,0.10903172194957733,True,4.736198448394496,3,Bàn phím cơ,0.10903172194957733,True,4.736198448394496,3,Bàn phím cơ,0.10903172194957733,True,13.293867953765913,3
Bàn phím cơ Akko 3087 v2 Monet's Pond,Bàn phím cơ,Bàn phím cơ,0.19833925366401672,True,4.736198448394496,3,Bàn phím cơ,0.19833925366401672,True,4.736198448394496,3,Bàn phím cơ,0.19833925366401672,True,4.736198448394496,3,Bàn phím cơ,0.19833925366401672,True,13.293867953765913,3
Bàn phím cơ Logitech G Pro X TKL,Bàn phím cơ,Bàn phím cơ,0.19399234652519226,True,4.736198448394496,3,Bàn phím cơ,0.19399234652519226,True,4.736198448394496,3,Bàn phím cơ,0.19399234652519226,True,4.736198448394496,3,Bàn phím cơ,0.19399234652519226,True,13.293867953765913,3
Bàn phím cơ DareU EK87,Bàn phím cơ,Bàn phím cơ,0.15909387171268463,True,4.736198448394496,3,Bàn phím cơ,0.15909387171268463,True,4.736198448394496,3,Bàn phím cơ,0.15909387171268463,True,4.736198448394496,3,Bàn phím cơ,0.15909387171268463,True,13.293867953765913,3
Pin sạc dự phòng Anker 325 PowerCore 20000mAh,Sạc dự phòng,Sạc dự phòng,0.18501226603984833,True,4.736198448394496,3,Sạc dự phòng,0.18501096963882446,True,4.736198448394496,3,Sạc dự phòng,0.18501226603984833,True,4.736198448394496,3,Sạc dự phòng,0.18501226603984833,True,12.229304121764134,3
Sạc dự phòng Samsung 10000mAh 25W,Sạc dự phòng,Sạc dự phòng,0.25363075733184814,True,4.736198448394496,3,Sạc dự phòng,0.25363075733184814,True,4.736198448394496,3,Sạc dự phòng,0.25363436341285706,True,4.736198448394496,3,Sạc dự phòng,0.25363436341285706,True,12.229304121764134,3
Sạc dự phòng Xiaomi Gen 3 20000mAh 50W,Sạc dự phòng,Sạc dự phòng,0.2934108376502991,True,4.736198448394496,3,Sạc dự phòng,0.2934108376502991,True,4.736198448394496,3,Sạc dự phòng,0.2934117913246155,True,4.736198448394496,3,Sạc dự phòng,0.2934117913246155,True,12.229304121764134,3
Sạc dự phòng Energizer 10000mAh UE10054,Sạc dự phòng,Sạc dự phòng,0.36677175760269165,True,4.736198448394496,3,Sạc dự phòng,0.36677175760269165,True,4.736198448394496,3,Sạc dự phòng,0.36677688360214233,True,4.736198448394496,3,Sạc dự phòng,0.36677688360214233,True,12.229304121764134,3
Củ sạc nhanh Apple 20W USB-C Chính hãng,Cáp sạc & Củ sạc,Cáp sạc & Củ sạc,0.13740402460098267,True,4.736198448394496,2,Cáp sạc & Củ sạc,0.1374029964208603,True,4.736198448394496,2,Cáp sạc & Củ sạc,0.13740402460098267,True,4.736198448394496,2,Cáp sạc & Củ sạc,0.13740402460098267,True,8.882229767011584,2
Dây cáp sạc Baseus Type-C to Lightning 20W,Cáp sạc & Củ sạc,Cáp sạc & Củ sạc,0.08318974822759628,True,4.736198448394496,2,Cáp sạc & Củ sạc,0.08318988233804703,True,4.736198448394496,2,Cáp sạc & Củ sạc,0.08318974822759628,True,4.736198448394496,2,Cáp sạc & Củ sạc,0.08318974822759628,True,8.882229767011584,2
Cáp sạc Anker PowerLine III Flow USB-C to C,Cáp sạc & Củ sạc,Cáp sạc & Củ sạc,0.13375362753868103,True,4.736198448394496,2,Cáp sạc & Củ sạc,0.13375328481197357,True,4.736198448394496,2,Cáp sạc & Củ sạc,0.13375362753868103,True,4.736198448394496,2,Cáp sạc & Củ sạc,0.13375362753868103,True,8.882229767011584,2
Củ sạc Ugreen GaN 65W 3 cổng,Cáp sạc & Củ sạc,Cáp sạc & Củ sạc,0.17471300065517426,True,4.736198448394496,2,Cáp sạc & Củ sạc,0.17471423745155334,True,4.736198448394496,2,Cáp sạc & Củ sạc,0.17471300065517426,True,4.736198448394496,2,Cáp sạc & Củ sạc,0.17471300065517426,True,8.882229767011584,2
Ốp lưng iPhone 15 Pro Max MagSafe Clear Case,Ốp lưng & Bao da,Ốp lưng & Bao da,0.13414216041564941,True,4.736198448394496,2,Ốp lưng & Bao da,0.1341407299041748,True,4.736198448394496,2,Ốp lưng & Bao da,0.13414216041564941,True,4.736198448394496,2,Ốp lưng & Bao da,0.13414216041564941,True,7.271859018968877,2
Bao da Samsung Galaxy Z Fold 5 kèm bút S-Pen,Ốp lưng & Bao da,Ốp lưng & Bao da,0.09195304661989212,True,4.736198448394496,2,Ốp lưng & Bao da,0.0919547975063324,True,4.736198448394496,2,Ốp lưng & Bao da,0.09195304661989212,True,4.736198448394496,2,Ốp lưng & Bao da,0.09195304661989212,True,6.730270174442433,2
Ốp lưng chống sốc UAG Pathfinder cho iPhone 14,Ốp lưng & Bao da,Ốp lưng & Bao da,0.0935174748301506,True,4.736198448394496,2,Ốp lưng & Bao da,0.0935165137052536,True,4.736198448394496,2,Ốp lưng & Bao da,0.0935174748301506,True,4.736198448394496,2,Ốp lưng & Bao da,0.0935174748301506,True,7.271859018968877,2
Ốp lưng Silicon dẻo trong suốt Redmi Note 12,Ốp lưng & Bao da,Ốp lưng & Bao da,0.160028874874115,True,4.736198448394496,2,Ốp lưng & Bao da,0.16002939641475677,True,4.736198448394496,2,Ốp lưng & Bao da,0.160028874874115,True,4.736198448394496,2,Ốp lưng & Bao da,0.160028874874115,True,7.271859018968877,2
Kính cường lực Kingkong iPhone 13/13 Pro,Kính cường lực,Kính cường lực,0.4284575581550598,True,4.736198448394496,3,Kính cường lực,0.4284575581550598,True,4.736198448394496,3,Kính cường lực,0.42846599221229553,True,4.736198448394496,3,Kính cường lực,0.42846599221229553,True,12.761586037765023,3
Miếng dán cường lực màn hình Samsung S23 Ultra,Kính cường lực,Kính cường lực,0.0775732472538948,True,4.736198448394496,2,Kính cường lực,0.07757380604743958,True,4.736198448394496,2,Kính cường lực,0.0775732472538948,True,4.736198448394496,2,Kính cường lực,0.0775732472538948,True,8.862578635843942,2
Cường lực Nillkin H+ Pro cho Xiaomi 13,Kính cường lực,Kính cường lực,0.031903259456157684,True,4.736198448394496,2,Thẻ nhớ & USB,0.0555696003139019,False,4.736198448394496,0,Kính cường lực,0.031903259456157684,True,4.736198448394496,2,Kính cường lực,0.031903259456157684,True,8.862578635843942,2
Bộ phát Wifi Router TP-Link Archer AX53 WiFi 6,Thiết bị mạng & Wifi,Thiết bị mạng & Wifi,0.059954579919576645,True,4.736198448394496,1,Thiết bị mạng & Wifi,0.059954579919576645,True,4.736198448394496,1,Thiết bị mạng & Wifi,0.059954579919576645,True,4.736198448394496,1,Thiết bị mạng & Wifi,0.059954579919576645,True,7.736509820936712,1
Cục phát Wifi 4G từ SIM TP-Link M7200,Thiết bị mạng & Wifi,Thiết bị mạng & Wifi,0.08863508701324463,True,4.736198448394496,1,Thiết bị mạng & Wifi,0.08863453567028046,True,4.736198448394496,1,Thiết bị mạng & Wifi,0.08863508701324463,True,4.736198448394496,1,Thiết bị mạng & Wifi,0.08863508701324463,True,3.868254910468356,1
USB Wifi Totolink N150USM,Thiết bị mạng & Wifi,Thiết bị mạng & Wifi,0.0926748588681221,True,4.736198448394496,1,Thiết bị mạng & Wifi,0.09267494827508926,True,4.736198448394496,1,Thiết bị mạng & Wifi,0.0926748588681221,True,4.736198448394496,1,Thiết bị mạng & Wifi,0.0926748588681221,True,3.868254910468356,1
Camera Wifi Imou Ranger 2 A22EP 1080P,Camera giám sát,Thiết bị mạng & Wifi,0.07174192368984222,False,4.736198448394496,1,Thiết bị mạng & Wifi,0.0717417374253273,False,4.736198448394496,1,Thiết bị mạng & Wifi,0.07174192368984222,False,4.736198448394496,1,Thiết bị mạng & Wifi,0.07174192368984222,False,3.868254910468356,1
Camera Ezviz C6N 1080P Xoay 360 độ,Camera giám sát,Camera giám sát,0.02419734187424183,True,4.736198448394496,1,Tivi,0.042145147919654846,False,4.736198448394496,0,Camera giám sát,0.02419734187424183,True,4.736198448394496,1,Camera giám sát,0.02419734187424183,True,4.431289317921971,1
Camera ngoài trời Xiaomi CW400 2.5K,Camera giám sát,Camera giám sát,0.012459100224077702,True,4.736198448394496,1,Bình sữa & Phụ kiện,0.02294972538948059,False,4.736198448394496,0,Camera giám sát,0.012459100224077702,True,4.736198448394496,1,Camera giám sát,0.012459100224077702,True,4.431289317921971,1
Máy ảnh Sony Alpha A6400 Body,Máy ảnh kỹ thuật số,Máy ảnh kỹ thuật số,0.023131778463721275,True,4.736198448394496,2,Máy ảnh kỹ thuật số,0.02313166856765747,True,4.736198448394496,2,Máy ảnh kỹ thuật số,0.023131778463721275,True,4.736198448394496,2,Máy ảnh kỹ thuật số,0.023131778463721275,True,5.175268635358694,2
Máy ảnh Canon EOS R50 Kit 18-45mm,Máy ảnh kỹ thuật số,Máy ảnh kỹ thuật số,0.01386076956987381,True,4.736198448394496,2,Máy ảnh kỹ thuật số,0.013860671781003475,True,4.736198448394496,2,Máy ảnh kỹ thuật số,0.01386076956987381,True,4.736198448394496,2,Máy ảnh kỹ thuật số,0.01386076956987381,True,5.175268635358694,2
Máy ảnh Fujifilm X-T5 Body,Máy ảnh kỹ thuật số,Máy ảnh kỹ thuật số,0.01928093656897545,True,4.736198448394496,2,Máy ảnh kỹ thuật số,0.01928073912858963,True,4.736198448394496,2,Máy ảnh kỹ thuật số,0.01928093656897545,True,4.736198448394496,2,Máy ảnh kỹ thuật số,0.01928093656897545,True,5.175268635358694,2
Thẻ nhớ MicroSD SanDisk Ultra 64GB 100MB/s,Thẻ nhớ & USB,Thẻ nhớ & USB,0.06370741873979568,True,4.736198448394496,2,Thẻ nhớ & USB,0.06370897591114044,True,4.736198448394496,2,Thẻ nhớ & USB,0.06370741873979568,True,4.736198448394496,2,Thẻ nhớ & USB,0.06370741873979568,True,8.862578635843942,2
USB Kingston DataTraveler Exodia 64GB,Thẻ nhớ & USB,Thẻ nhớ & USB,0.04206541180610657,True,4.736198448394496,1,Thẻ nhớ & USB,0.042066141963005066,True,4.736198448394496,1,Thẻ nhớ & USB,0.04206541180610657,True,4.736198448394496,1,Thẻ nhớ & USB,0.04206541180610657,True,4.431289317921971,1
Ổ cứng SSD Samsung 980 PRO 1TB PCIe Gen 4,Linh kiện máy tính,Ổ cắm điện,0.0034809999633580446,False,4.736198448394496,1,Thẻ nhớ & USB,0.03158329427242279,False,4.736198448394496,0,Ổ cắm điện,0.0034809999633580446,False,4.736198448394496,1,Ổ cắm điện,0.0034809999633580446,False,4.431289317921971,1
Ram Desktop Kingston Fury Beast 16GB DDR4 3200Mhz,Linh kiện máy tính,Điện thoại Smartphone,0.0,False,0.0,0,Thẻ nhớ & USB,0.023935237899422646,False,4.736198448394496,0,Điện thoại Smartphone,0.0,False,0.0,0,Điện thoại Smartphone,0.0,False,0.0,0
Card màn hình ASUS TUF Gaming RTX 3060 12GB,Linh kiện máy tính,Laptop Gaming,0.0323006771504879,False,4.736198448394496,1,Laptop Gaming,0.03230024501681328,False,4.736198448394496,1,Laptop Gaming,0.0323006771504879,False,4.736198448394496,1,Laptop Gaming,0.0323006771504879,False,5.186146173340856,1
Smart Tivi Samsung 4K Crystal UHD 55 inch UA55AU7700,Tivi,Tivi,0.05643462389707565,True,4.736198448394496,1,Tivi,0.056434787809848785,True,4.736198448394496,1,Tivi,0.05643462389707565,True,4.736198448394496,1,Tivi,0.05643462389707565,True,6.250982269768256,1
Google Tivi Sony 4K 43 inch KD-43X75K,Tivi,Tivi,0.06571835279464722,True,4.736198448394496,1,Tivi,0.06571921706199646,True,4.736198448394496,1,Tivi,0.06571835279464722,True,4.736198448394496,1,Tivi,0.06571835279464722,True,6.250982269768256,1
Smart Tivi LG 4K 50 inch 50UQ7550PSF,Tivi,Tivi,0.0821773037314415,True,4.736198448394496,1,Tivi,0.0821792483329773,True,4.736198448394496,1,Tivi,0.0821773037314415,True,4.736198448394496,1,Tivi,0.0821773037314415,True,6.250982269768256,1
Tivi Xiaomi A2 32 inch Android TV,Tivi,Tivi,0.08755423128604889,True,4.736198448394496,1,Tivi,0.08755423128604889,True,4.736198448394496,1,Tivi,0.08755423128604889,True,4.736198448394496,1,Tivi,0.08755423128604889,True,6.250982269768256,1
Tủ lạnh Samsung Inverter 236L RT22M4032DX,Tủ lạnh,Tủ lạnh,0.0832328125834465,True,4.736198448394496,2,Tủ lạnh,0.0832328125834465,True,4.736198448394496,2,Tủ lạnh,0.08323202282190323,True,4.736198448394496,2,Tủ lạnh,0.08323202282190323,True,9.749337801456697,2
Tủ lạnh Panasonic Inverter 255L NR-BV280QSVN,Tủ lạnh,Tủ lạnh,0.07615957409143448,True,4.736198448394496,2,Tủ lạnh,0.07615957409143448,True,4.736198448394496,2,Tủ lạnh,0.07615870237350464,True,4.736198448394496,2,Tủ lạnh,0.07615870237350464,True,9.749337801456697,2
Tủ lạnh Side by Side LG Inverter 635L,Tủ lạnh,Tủ lạnh,0.08424559235572815,True,4.736198448394496,2,Tủ lạnh,0.08424559235572815,True,4.736198448394496,2,Tủ lạnh,0.08424470573663712,True,4.736198448394496,2,Tủ lạnh,0.08424470573663712,True,9.749337801456697,2
Tủ lạnh mini Aqua 90L AQR-D99FA,Tủ lạnh,Tủ lạnh,0.05625913292169571,True,4.736198448394496,2,Tủ lạnh,0.05625913292169571,True,4.736198448394496,2,Tủ lạnh,0.05625826492905617,True,4.736198448394496,2,Tủ lạnh,0.05625826492905617,True,9.749337801456697,2
Máy giặt cửa trước LG Inverter 9kg FV1409S4W,Máy giặt,Máy giặt,0.11838875710964203,True,4.736198448394496,2,Máy giặt,0.11838875710964203,True,4.736198448394496,2,Máy giặt,0.1183873787522316,True,4.736198448394496,2,Máy giặt,0.1183873787522316,True,7.197088597793328,2
Máy giặt cửa trên Toshiba 9kg AW-K1005FV,Máy giặt,Máy giặt,0.06804514676332474,True,4.736198448394496,2,Máy giặt,0.06804514676332474,True,4.736198448394496,2,Máy giặt,0.06804592162370682,True,4.736198448394496,2,Máy giặt,0.06804592162370682,True,7.197088597793328,2
Máy giặt lồng ngang Electrolux Inverter 10kg,Máy giặt,Máy giặt,0.04997251555323601,True,4.736198448394496,2,Máy giặt,0.04997251555323601,True,4.736198448394496,2,Máy giặt,0.04997297003865242,True,4.736198448394496,2,Máy giặt,0.04997297003865242,True,7.197088597793328,2
Máy giặt Samsung AI Inverter 9kg WW90T634DLE,Máy giặt,Máy giặt,0.18564535677433014,True,4.736198448394496,2,Máy giặt,0.18564535677433014,True,4.736198448394496,2,Máy giặt,0.18564552068710327,True,4.736198448394496,2,Máy giặt,0.18564552068710327,True,7.197088597793328,2
Máy sấy thông hơi Electrolux 8.5kg EDV854J3WB,Máy sấy quần áo,Máy sấy quần áo,0.06900366395711899,True,4.736198448394496,2,Máy sấy quần áo,0.06900478154420853,True,4.736198448394496,2,Máy sấy quần áo,0.06900366395711899,True,4.736198448394496,2,Máy sấy quần áo,0.06900366395711899,True,5.832832179616035,2
Máy sấy bơm nhiệt Samsung 9kg DV90T7240BB,Máy sấy quần áo,Máy sấy quần áo,0.04354964569211006,True,4.736198448394496,2,Máy sấy quần áo,0.04355139285326004,True,4.736198448394496,2,Máy sấy quần áo,0.04354964569211006,True,4.736198448394496,2,Máy sấy quần áo,0.04354964569211006,True,5.832832179616035,2
Máy lạnh Panasonic Inverter 1 HP CU/CS-PU9ZKH-8,Máy lạnh - Điều hòa,Máy lạnh - Điều hòa,0.0693148747086525,True,4.736198448394496,2,Máy lạnh - Điều hòa,0.06931433081626892,True,4.736198448394496,2,Máy lạnh - Điều hòa,0.0693148747086525,True,4.736198448394496,2,Máy lạnh - Điều hòa,0.0693148747086525,True,5.3681813776482,2
Điều hòa Daikin Inverter 1.5 HP FTKB35XVMV,Máy lạnh - Điều hòa,Máy lạnh - Điều hòa,0.08340128511190414,True,4.736198448394496,2,Máy lạnh - Điều hòa,0.08340420573949814,True,4.736198448394496,2,Máy lạnh - Điều hòa,0.08340128511190414,True,4.736198448394496,2,Máy lạnh - Điều hòa,0.08340128511190414,True,7.736509820936712,2
Máy lạnh Casper Inverter 1 HP GC-09IS35,Máy lạnh - Điều hòa,Máy lạnh - Điều hòa,0.08026513457298279,True,4.736198448394496,2,Máy lạnh - Điều hòa,0.08026526868343353,True,4.736198448394496,2,Máy lạnh - Điều hòa,0.08026513457298279,True,4.736198448394496,2,Máy lạnh - Điều hòa,0.08026513457298279,True,5.3681813776482,2
Máy nước nóng trực tiếp Ariston 4500W AURES PREMIUM,Máy nước nóng,Máy nước nóng,0.14969155192375183,True,4.736198448394496,3,Máy nước nóng,0.14969155192375183,True,4.736198448394496,3,Máy nước nóng,0.14969325065612793,True,4.736198448394496,3,Máy nước nóng,0.14969325065612793,True,9.147635997235774,3
Máy nước nóng gián tiếp Ferroli 20L VERDI 20L,Máy nước nóng,Máy nước nóng,0.1275469958782196,True,4.736198448394496,3,Máy nước nóng,0.1275469958782196,True,4.736198448394496,3,Máy nước nóng,0.12754815816879272,True,4.736198448394496,3,Máy nước nóng,0.12754815816879272,True,9.147635997235774,3
Máy lọc không khí Xiaomi Smart Air Purifier 4 Lite,Máy lọc không khí,Máy lọc không khí,0.15508835017681122,True,4.736198448394496,4,Máy lọc không khí,0.15508835017681122,True,4.736198448394496,4,Máy lọc không khí,0.15509158372879028,True,4.736198448394496,4,Máy lọc không khí,0.15509158372879028,True,13.104691198584913,4
Máy lọc không khí Sharp FP-J30E-B hút ẩm,Máy lọc không khí,Máy lọc không khí,0.17478053271770477,True,4.736198448394496,4,Máy lọc không khí,0.17478053271770477,True,4.736198448394496,4,Máy lọc không khí,0.17478163540363312,True,4.736198448394496,4,Máy lọc không khí,0.17478163540363312,True,13.104691198584913,4
Máy lọc không khí Daikin MC30YVM7,Máy lọc không khí,Máy lọc không khí,0.19653205573558807,True,4.736198448394496,4,Máy lọc không khí,0.19653205573558807,True,4.736198448394496,4,Máy lọc không khí,0.19653041660785675,True,4.736198448394496,4,Máy lọc không khí,0.19653041660785675,True,13.104691198584913,4
Robot hút bụi lau nhà Xiaomi Vacuum S10,Robot hút bụi,Robot hút bụi,0.20223337411880493,True,4.736198448394496,3,Robot hút bụi,0.20223337411880493,True,4.736198448394496,3,Robot hút bụi,0.20223602652549744,True,4.736198448394496,3,Robot hút bụi,0.20223602652549744,True,12.229304121764134,3
Robot hút bụi Ecovacs Deebot T10 Omni,Robot hút bụi,Robot hút bụi,0.36695411801338196,True,4.736198448394496,3,Robot hút bụi,0.36695411801338196,True,4.736198448394496,3,Robot hút bụi,0.36695122718811035,True,4.736198448394496,3,Robot hút bụi,0.36695122718811035,True,12.229304121764134,3
Robot hút bụi Dreame L10 Prime,Robot hút bụi,Robot hút bụi,0.2839395999908447,True,4.736198448394496,3,Robot hút bụi,0.2839395999908447,True,4.736198448394496,3,Robot hút bụi,0.2839345335960388,True,4.736198448394496,3,Robot hút bụi,0.2839345335960388,True,12.229304121764134,3
Máy hút bụi cầm tay Deerma DX115C,Máy hút bụi cầm tay,Máy hút bụi cầm tay,0.7768283486366272,True,4.736198448394496,5,Máy hút bụi cầm tay,0.7768283486366272,True,4.736198448394496,5,Máy hút bụi cầm tay,0.7768310308456421,True,4.736198448394496,5,Máy hút bụi cầm tay,0.7768310308456421,True,14.647234875806488,5
Máy hút bụi không dây Samsung Jet 60 Pet,Máy hút bụi cầm tay,Máy hút bụi cầm tay,0.04036135971546173,True,4.736198448394496,3,Máy hút bụi cầm tay,0.04036221280694008,True,4.736198448394496,3,Máy hút bụi cầm tay,0.04036135971546173,True,4.736198448394496,3,Máy hút bụi cầm tay,0.04036135971546173,True,7.78289943969354,3
Quạt đứng Senko L1638 3 tốc độ gió,Quạt điện,Quạt điện,0.08586875349283218,True,4.736198448394496,1,Quạt điện,0.08586965501308441,True,4.736198448394496,1,Quạt điện,0.08586875349283218,True,4.736198448394496,1,Quạt điện,0.08586875349283218,True,5.186146173340856,1
Quạt tháp Mitsubishi Electric R30-HRA,Quạt điện,Quạt điện,0.14294591546058655,True,4.736198448394496,1,Quạt điện,0.14294813573360443,True,4.736198448394496,1,Quạt điện,0.14294591546058655,True,4.736198448394496,1,Quạt điện,0.14294591546058655,True,5.186146173340856,1
Quạt lửng Asia A16009,Quạt điện,Quạt điện,0.09325505048036575,True,4.736198448394496,1,Quạt điện,0.09325523674488068,True,4.736198448394496,1,Quạt điện,0.09325505048036575,True,4.736198448394496,1,Quạt điện,0.09325505048036575,True,5.186146173340856,1
Nồi cơm điện nắp gài Sharp 1.8 lít KS-18TJV,Nồi cơm điện,Nồi cơm điện,0.11298585683107376,True,4.736198448394496,3,Nồi cơm điện,0.11298585683107376,True,4.736198448394496,3,Nồi cơm điện,0.11298526078462601,True,4.736198448394496,3,Nồi cơm điện,0.11298526078462601,True,11.255105769951104,3
Nồi cơm điện tử Cuckoo 1 lít CR-0675F,Nồi cơm điện,Nồi cơm điện,0.12549743056297302,True,4.736198448394496,3,Nồi cơm điện,0.12549743056297302,True,4.736198448394496,3,Nồi cơm điện,0.12549836933612823,True,4.736198448394496,3,Nồi cơm điện,0.12549836933612823,True,11.255105769951104,3
Nồi cơm điện cao tần Toshiba 1.8 lít RC-18IX1PV,Nồi cơm điện,Nồi cơm điện,0.16819719970226288,True,4.736198448394496,3,Nồi cơm điện,0.16819719970226288,True,4.736198448394496,3,Nồi cơm điện,0.16819986701011658,True,4.736198448394496,3,Nồi cơm điện,0.16819986701011658,True,11.255105769951104,3
Nồi chiên không dầu Philips 4.1 lít HD9200/90,Nồi chiên không dầu,Nồi chiên không dầu,0.5095399022102356,True,4.736198448394496,4,Nồi chiên không dầu,0.5095399022102356,True,4.736198448394496,4,Nồi chiên không dầu,0.5095418095588684,True,4.736198448394496,4,Nồi chiên không dầu,0.5095418095588684,True,13.77023822514899,4
Nồi chiên không dầu Lock&Lock 5.2L EJF351BLK,Nồi chiên không dầu,Nồi chiên không dầu,0.4519616663455963,True,4.736198448394496,4,Nồi chiên không dầu,0.4519616663455963,True,4.736198448394496,4,Nồi chiên không dầu,0.45196375250816345,True,4.736198448394496,4,Nồi chiên không dầu,0.45196375250816345,True,13.77023822514899,4
Nồi chiên không dầu Sunhouse 6L SHD4026,Nồi chiên không dầu,Nồi chiên không dầu,0.4901641011238098,True,4.736198448394496,4,Nồi chiên không dầu,0.4901641011238098,True,4.736198448394496,4,Nồi chiên không dầu,0.4901627004146576,True,4.736198448394496,4,Nồi chiên không dầu,0.4901627004146576,True,13.77023822514899,4
Nồi chiên không dầu Kalite Q10 10L,Nồi chiên không dầu,Nồi chiên không dầu,0.5305108428001404,True,4.736198448394496,4,Nồi chiên không dầu,0.5305108428001404,True,4.736198448394496,4,Nồi chiên không dầu,0.5305080413818359,True,4.736198448394496,4,Nồi chiên không dầu,0.5305080413818359,True,13.77023822514899,4
Lò vi sóng Sharp 20 lít R-205VN(S),Lò vi sóng,Lò vi sóng,0.4522098898887634,True,4.736198448394496,3,Lò vi sóng,0.4522098898887634,True,4.736198448394496,3,Lò vi sóng,0.4522098898887634,True,4.736198448394496,3,Lò vi sóng,0.4522098898887634,True,12.761586037765023,3
Lò vi sóng có nướng Samsung 23L MG23K3515AS,Lò vi sóng,Lò vi sóng,0.49159863591194153,True,4.736198448394496,3,Lò vi sóng,0.49159863591194153,True,4.736198448394496,3,Lò vi sóng,0.4915953576564789,True,4.736198448394496,3,Lò vi sóng,0.4915953576564789,True,12.761586037765023,3
Bếp từ đơn Sunhouse SHD6152 kèm nồi,Bếp từ & Bếp hồng ngoại,Nồi & Bộ nồi,0.1352965384721756,False,4.736198448394496,1,Nồi & Bộ nồi,0.13529621064662933,False,4.736198448394496,1,Nồi & Bộ nồi,0.1352965384721756,False,4.736198448394496,1,Nồi & Bộ nồi,0.1352965384721756,False,5.029749202729736,1
Bếp hồng ngoại đơn Sanaky SNK-2101HG,Bếp từ & Bếp hồng ngoại,Bếp từ & Bếp hồng ngoại,0.09941572695970535,True,4.736198448394496,3,Bếp từ & Bếp hồng ngoại,0.09941589087247849,True,4.736198448394496,3,Bếp từ & Bếp hồng ngoại,0.09941572695970535,True,4.736198448394496,3,Bếp từ & Bếp hồng ngoại,0.09941572695970535,True,10.624685197867457,3
Bếp từ đôi Kangaroo KG498N,Bếp từ & Bếp hồng ngoại,Bếp từ & Bếp hồng ngoại,0.07123184204101562,True,4.736198448394496,2,Bếp từ & Bếp hồng ngoại,0.07123199105262756,True,4.736198448394496,2,Bếp từ & Bếp hồng ngoại,0.07123184204101562,True,4.736198448394496,2,Bếp từ & Bếp hồng ngoại,0.07123184204101562,True,8.01705439353261,2
Máy xay sinh tố Panasonic MX-V310KRA,Máy xay sinh tố,Máy xay sinh tố,0.5279061794281006,True,4.736198448394496,4,Máy xay sinh tố,0.5279061794281006,True,4.736198448394496,4,Máy xay sinh tố,0.5279114842414856,True,4.736198448394496,4,Máy xay sinh tố,0.5279114842414856,True,12.79586218776398,4
Máy xay cầm tay Braun MQ5200,Máy xay sinh tố,Máy xay sinh tố,0.03875565901398659,True,4.736198448394496,2,Máy xay sinh tố,0.03875573351979256,True,4.736198448394496,2,Máy xay sinh tố,0.03875565901398659,True,4.736198448394496,2,Máy xay sinh tố,0.03875565901398659,True,5.832832179616035,2
Máy xay thịt Bear 2L cối thủy tinh,Máy xay sinh tố,Máy xay sinh tố,0.05357598513364792,True,4.736198448394496,2,Máy xay sinh tố,0.053576573729515076,True,4.736198448394496,2,Máy xay sinh tố,0.05357598513364792,True,4.736198448394496,2,Máy xay sinh tố,0.05357598513364792,True,5.832832179616035,2
Ấm siêu tốc Sunhouse 1.8 lít SHD1182,Ấm siêu tốc,Ấm siêu tốc,0.5602084994316101,True,4.736198448394496,3,Ấm siêu tốc,0.5602084994316101,True,4.736198448394496,3,Ấm siêu tốc,0.5602084994316101,True,4.736198448394496,3,Ấm siêu tốc,0.5602084994316101,True,13.293867953765913,3
Bình đun siêu tốc Philips 1.7L HD9306,Ấm siêu tốc,Ấm siêu tốc,0.054724354296922684,True,4.736198448394496,2,Ấm siêu tốc,0.054725486785173416,True,4.736198448394496,2,Ấm siêu tốc,0.054724354296922684,True,4.736198448394496,2,Ấm siêu tốc,0.054724354296922684,True,8.862578635843942,2
Bình giữ nhiệt Lock&Lock 450ml Feather Light,Bình giữ nhiệt,Bình giữ nhiệt,0.4091435372829437,True,4.736198448394496,3,Bình giữ nhiệt,0.4091435372829437,True,4.736198448394496,3,Bình giữ nhiệt,0.4091463088989258,True,4.736198448394496,3,Bình giữ nhiệt,0.4091463088989258,True,12.761586037765023,3
Ly giữ nhiệt Yeti 900ml kèm ống hút,Bình giữ nhiệt,Bình giữ nhiệt,0.059810031205415726,True,4.736198448394496,2,Bình giữ nhiệt,0.059810567647218704,True,4.736198448394496,2,Bình giữ nhiệt,0.059810031205415726,True,4.736198448394496,2,Bình giữ nhiệt,0.059810031205415726,True,8.862578635843942,2
Chảo chống dính Sunhouse 26cm CT26,Chảo chống dính,Chảo chống dính,0.15539789199829102,True,4.736198448394496,3,Chảo chống dính,0.15539789199829102,True,4.736198448394496,3,Chảo chống dính,0.15539801120758057,True,4.736198448394496,3,Chảo chống dính,0.15539801120758057,True,12.761586037765023,3
Chảo đá đáy từ Elmich 24cm,Chảo chống dính,Chảo chống dính,0.0322963111102581,True,4.736198448394496,1,Chảo chống dính,0.03229669854044914,True,4.736198448394496,1,Chảo chống dính,0.0322963111102581,True,4.736198448394496,1,Chảo chống dính,0.0322963111102581,True,4.431289317921971,1
Bộ nồi inox 3 đáy Fivestar nắp kính,Nồi & Bộ nồi,Nồi & Bộ nồi,0.09272940456867218,True,4.736198448394496,2,Nồi & Bộ nồi,0.09272892028093338,True,4.736198448394496,2,Nồi & Bộ nồi,0.09272940456867218,True,4.736198448394496,2,Nồi & Bộ nồi,0.09272940456867218,True,9.461038520651707,2
Nồi lẩu điện đa năng Lock&Lock 5L EJP431,Nồi & Bộ nồi,Nồi & Bộ nồi,0.06559504568576813,True,4.736198448394496,1,Nồi & Bộ nồi,0.06559423357248306,True,4.736198448394496,1,Nồi & Bộ nồi,0.06559504568576813,True,4.736198448394496,1,Nồi & Bộ nồi,0.06559504568576813,True,5.029749202729736,1
Bộ dao nhà bếp 7 món Lock&Lock,Dụng cụ nhà bếp,Dụng cụ nhà bếp,0.03926652669906616,True,4.736198448394496,2,Dụng cụ nhà bếp,0.03926709666848183,True,4.736198448394496,2,Dụng cụ nhà bếp,0.03926652669906616,True,4.736198448394496,2,Dụng cụ nhà bếp,0.03926652669906616,True,6.807208217001042,2
Hộp đựng thực phẩm Inox 304 có nắp,Dụng cụ nhà bếp,Vitamin & Thực phẩm chức năng,0.002850812394171953,False,4.736198448394496,2,Nhớt & Phụ gia,0.01482762023806572,False,4.736198448394496,0,Vitamin & Thực phẩm chức năng,0.002850812394171953,False,4.736198448394496,2,Vitamin & Thực phẩm chức năng,0.002850812394171953,False,6.864335436112948,2
Thớt gỗ Teak tự nhiên Kaiyo,Dụng cụ nhà bếp,Điện thoại Smartphone,0.0,False,0.0,0,Nhớt & Phụ gia,0.05612469092011452,False,4.736198448394496,0,Điện thoại Smartphone,0.0,False,0.0,0,Điện thoại Smartphone,0.0,False,0.0,0
Bóng đèn LED Bulb Rạng Đông 9W,Đèn chiếu sáng,Đèn chiếu sáng,0.008176961913704872,True,4.736198448394496,1,Bình sữa & Phụ kiện,0.014368392527103424,False,4.736198448394496,0,Đèn chiếu sáng,0.008176961913704872,True,4.736198448394496,1,Đèn chiếu sáng,0.008176961913704872,True,4.431289317921971,1
Đèn bàn học chống cận Điện Quang,Đèn chiếu sáng,Dụng cụ học tập,0.02132538892328739,False,4.736198448394496,1,Dụng cụ học tập,0.02132546529173851,False,4.736198448394496,1,Dụng cụ học tập,0.02132538892328739,False,4.736198448394496,1,Dụng cụ học tập,0.02132538892328739,False,3.868254910468356,1
Ổ cắm điện Lioa 6 lỗ đa năng 3m,Ổ cắm điện,Ổ cắm điện,0.2781055271625519,True,4.736198448394496,3,Ổ cắm điện,0.2781055271625519,True,4.736198448394496,3,Ổ cắm điện,0.2781037986278534,True,4.736198448394496,3,Ổ cắm điện,0.2781037986278534,True,12.14116755009996,3
Ổ cắm điện thông minh Wifi Tuya,Ổ cắm điện,Ổ cắm điện,0.1616651713848114,True,4.736198448394496,3,Ổ cắm điện,0.1616651713848114,True,4.736198448394496,3,Ổ cắm điện,0.16166464984416962,True,4.736198448394496,3,Ổ cắm điện,0.16166464984416962,True,12.14116755009996,3
Áo thun nam cổ tròn Basic Teelab,Áo thun nam,Áo thun nam,0.6138309836387634,True,4.736198448394496,3,Áo thun nam,0.6138309836387634,True,4.736198448394496,3,Áo thun nam,0.6138409972190857,True,4.736198448394496,3,Áo thun nam,0.6138409972190857,True,9.135796425968838,3
Áo phông nam Coolmate Cotton Compact,Áo thun nam,Áo thun nam,0.08500627428293228,True,4.736198448394496,2,Áo thun nam,0.08500613272190094,True,4.736198448394496,2,Áo thun nam,0.08500627428293228,True,4.736198448394496,2,Áo thun nam,0.08500627428293228,True,5.2367890240477575,2
Áo Polo nam Yody chất liệu Pique,Áo thun nam,Áo thun nam,0.05947381258010864,True,4.736198448394496,2,Áo thun nam,0.05947493389248848,True,4.736198448394496,2,Áo thun nam,0.05947381258010864,True,4.736198448394496,2,Áo thun nam,0.05947381258010864,True,5.2367890240477575,2
Áo sơ mi nam trắng Owen dài tay,Áo sơ mi nam,Áo sơ mi nam,0.5325828194618225,True,4.736198448394496,4,Áo sơ mi nam,0.5325828194618225,True,4.736198448394496,4,Áo sơ mi nam,0.532586395740509,True,4.736198448394496,4,Áo sơ mi nam,0.532586395740509,True,11.378616988581555,4
Áo sơ mi nam ngắn tay họa tiết caro An Phuoc,Áo sơ mi nam,Áo sơ mi nam,0.6585714817047119,True,4.736198448394496,4,Áo sơ mi nam,0.6585714817047119,True,4.736198448394496,4,Áo sơ mi nam,0.6585726141929626,True,4.736198448394496,4,Áo sơ mi nam,0.6585726141929626,True,11.378616988581555,4
Áo sơ mi Flannel nam form rộng,Áo sơ mi nam,Áo sơ mi nam,0.7937223315238953,True,4.736198448394496,4,Áo sơ mi nam,0.7937203049659729,True,4.736198448394496,4,Áo sơ mi nam,0.7937223315238953,True,4.736198448394496,4,Áo sơ mi nam,0.7937223315238953,True,11.378616988581555,4
Quần Jeans nam Slimfit Routine,Quần Jeans nam,Quần Jeans nam,0.5311949253082275,True,4.736198448394496,3,Quần Jeans nam,0.5311949253082275,True,4.736198448394496,3,Quần Jeans nam,0.5311985015869141,True,4.736198448394496,3,Quần Jeans nam,0.5311985015869141,True,9.31629997086614,3
Quần bò nam ống suông Levi's 501,Quần Jeans nam,Quần Jeans nam,0.2084621787071228,True,4.736198448394496,2,Quần Jeans nam,0.20845918357372284,True,4.736198448394496,2,Quần Jeans nam,0.2084621787071228,True,4.736198448394496,2,Quần Jeans nam,0.2084621787071228,True,5.417292568945058,2
Quần Jeans nam rách gối phong cách bụi,Quần Jeans nam,Quần Jeans nam,0.22217462956905365,True,4.736198448394496,3,Quần Jeans nam,0.22217462956905365,True,4.736198448394496,3,Quần Jeans nam,0.2221810519695282,True,4.736198448394496,3,Quần Jeans nam,0.2221810519695282,True,9.31629997086614,3
Quần Short nam Kaki co giãn 4 chiều,Quần Short nam,Quần Short nam,0.5735683441162109,True,4.736198448394496,3,Quần Short nam,0.5735683441162109,True,4.736198448394496,3,Quần Short nam,0.5735726952552795,True,4.736198448394496,3,Quần Short nam,0.5735726952552795,True,9.848581886867029,3
Quần đùi thể thao nam Adidas chính hãng,Quần Short nam,Quần Short nam,0.0549570731818676,True,4.736198448394496,2,Quần Short nam,0.0549573190510273,True,4.736198448394496,2,Quần Short nam,0.0549570731818676,True,4.736198448394496,2,Quần Short nam,0.0549570731818676,True,5.417292568945058,2
Áo khoác gió nam 2 lớp chống nước,Áo khoác nam,Áo khoác nam,0.06843479722738266,True,4.736198448394496,3,Áo khoác nam,0.06843400001525879,True,4.736198448394496,3,Áo khoác nam,0.06843479722738266,True,4.736198448394496,3,Áo khoác nam,0.06843479722738266,True,9.668078341969728,3
Áo khoác Bomber nam lót lông,Áo khoác nam,Áo khoác nam,0.11840042471885681,True,4.736198448394496,3,Áo khoác nam,0.11840061843395233,True,4.736198448394496,3,Áo khoác nam,0.11840042471885681,True,4.736198448394496,3,Áo khoác nam,0.11840042471885681,True,9.668078341969728,3
Áo khoác Hoodie nam nỉ bông dày,Áo khoác nam,Áo khoác nam,0.11445462703704834,True,4.736198448394496,3,Áo khoác nam,0.11445462703704834,True,4.736198448394496,3,Áo khoác nam,0.11445462703704834,True,4.736198448394496,3,Áo khoác nam,0.11445462703704834,True,9.668078341969728,3
Combo 3 quần lót nam Boxer Freeman,Đồ lót nam,Đồ lót nam,0.06588606536388397,True,4.736198448394496,2,Đồ lót nam,0.06588541716337204,True,4.736198448394496,2,Đồ lót nam,0.06588606536388397,True,4.736198448394496,2,Đồ lót nam,0.06588606536388397,True,6.252561281737059,2
Quần sịp tam giác nam Calvin Klein,Đồ lót nam,Quần Jeans nam,0.09796717762947083,False,4.736198448394496,2,Quần Jeans nam,0.09796666353940964,False,4.736198448394496,2,Quần Jeans nam,0.09796717762947083,False,4.736198448394496,2,Quần Jeans nam,0.09796717762947083,False,5.417292568945058,2
Áo thun nữ form rộng tay lỡ Local Brand,Áo thun nữ,Áo thun nữ,0.4574529230594635,True,4.736198448394496,3,Áo thun nữ,0.4574529230594635,True,4.736198448394496,3,Áo thun nữ,0.4574527144432068,True,4.736198448394496,3,Áo thun nữ,0.4574527144432068,True,9.371649425474208,3
Áo Baby Tee nữ in hình dễ thương,Áo thun nữ,Áo thun nữ,0.05534244328737259,True,4.736198448394496,2,Áo thun nữ,0.05534335598349571,True,4.736198448394496,2,Áo thun nữ,0.05534244328737259,True,4.736198448394496,2,Áo thun nữ,0.05534244328737259,True,5.472642023553127,2
Áo sơ mi nữ công sở Nem Fashion,Áo sơ mi nữ,Áo sơ mi nữ,0.7102818489074707,True,4.736198448394496,4,Áo sơ mi nữ,0.7102818489074707,True,4.736198448394496,4,Áo sơ mi nữ,0.7102850675582886,True,4.736198448394496,4,Áo sơ mi nữ,0.7102850675582886,True,11.584502783443888,4
Áo kiểu nữ cổ bèo tay phồng,Áo sơ mi nữ,Áo thun nữ,0.07804933935403824,False,4.736198448394496,2,Áo thun nữ,0.07805049419403076,False,4.736198448394496,2,Áo thun nữ,0.07804933935403824,False,4.736198448394496,2,Áo thun nữ,0.07804933935403824,False,5.472642023553127,2
Váy đầm hoa nhí dáng dài Vintage,Váy đầm,Váy đầm,0.12150750309228897,True,4.736198448394496,2,Váy đầm,0.12150750309228897,True,4.736198448394496,2,Váy đầm,0.121505968272686,True,4.736198448394496,2,Váy đầm,0.121505968272686,True,9.749337801456697,2
Đầm dự tiệc sang trọng hở lưng,Váy đầm,Váy đầm,0.049642227590084076,True,4.736198448394496,1,Váy đầm,0.04964226111769676,True,4.736198448394496,1,Váy đầm,0.049642227590084076,True,4.736198448394496,1,Váy đầm,0.049642227590084076,True,5.186146173340856,1
Đầm suông chữ A che bụng cho mẹ bầu,Váy đầm,Váy đầm,0.040253493934869766,True,4.736198448394496,1,Váy đầm,0.04025393724441528,True,4.736198448394496,1,Váy đầm,0.040253493934869766,True,4.736198448394496,1,Váy đầm,0.040253493934869766,True,5.186146173340856,1
Chân váy xếp ly dài midi,Chân váy,Chân váy,0.29408249258995056,True,4.736198448394496,2,Chân váy,0.29408249258995056,True,4.736198448394496,2,Chân váy,0.29408568143844604,True,4.736198448394496,2,Chân váy,0.29408568143844604,True,9.749337801456697,2
Chân váy chữ A ngắn lưng cao,Chân váy,Chân váy,0.24559122323989868,True,4.736198448394496,2,Chân váy,0.24559122323989868,True,4.736198448394496,2,Chân váy,0.24558840692043304,True,4.736198448394496,2,Chân váy,0.24558840692043304,True,9.749337801456697,2
Chân váy Jean bút chì xẻ tà,Chân váy,Chân váy,0.31231245398521423,True,4.736198448394496,2,Chân váy,0.31231245398521423,True,4.736198448394496,2,Chân váy,0.31231528520584106,True,4.736198448394496,2,Chân váy,0.31231528520584106,True,9.749337801456697,2
Quần Jeans nữ ống loe lưng cao,Quần Jeans nữ,Quần Jeans nữ,0.3687366247177124,True,4.736198448394496,3,Quần Jeans nữ,0.3687366247177124,True,4.736198448394496,3,Quần Jeans nữ,0.36874088644981384,True,4.736198448394496,3,Quần Jeans nữ,0.36874088644981384,True,9.552152970371509,3
Quần Baggy Jean nữ rách gối,Quần Jeans nữ,Quần Jeans nữ,0.18675115704536438,True,4.736198448394496,2,Quần Jeans nữ,0.18675000965595245,True,4.736198448394496,2,Quần Jeans nữ,0.18675115704536438,True,4.736198448394496,2,Quần Jeans nữ,0.18675115704536438,True,5.653145568450428,2
Combo 5 quần lót nữ Cotton kháng khuẩn,Đồ lót nữ,Đồ lót nữ,0.05675444006919861,True,4.736198448394496,2,Đồ lót nữ,0.056753937155008316,True,4.736198448394496,2,Đồ lót nữ,0.05675444006919861,True,4.736198448394496,2,Đồ lót nữ,0.05675444006919861,True,6.488414281242427,2
Áo lót nữ không gọng mút mỏng,Đồ lót nữ,Đồ lót nữ,0.11828259378671646,True,4.736198448394496,2,Đồ lót nữ,0.11828042566776276,True,4.736198448394496,2,Đồ lót nữ,0.11828259378671646,True,4.736198448394496,2,Đồ lót nữ,0.11828259378671646,True,6.488414281242427,2
Đồ bộ pijama lụa satin cộc tay,Đồ ngủ & Đồ mặc nhà,Đồ lót nữ,0.03221147134900093,False,4.736198448394496,1,Đồ lót nữ,0.03221164643764496,False,4.736198448394496,1,Đồ lót nữ,0.03221147134900093,False,4.736198448394496,1,Đồ lót nữ,0.03221147134900093,False,2.8832351442317807,1
Váy ngủ 2 dây lụa sexy gợi cảm,Đồ ngủ & Đồ mặc nhà,Đồ ngủ & Đồ mặc nhà,0.06445623189210892,True,4.736198448394496,1,Đồ ngủ & Đồ mặc nhà,0.06445664912462234,True,4.736198448394496,1,Đồ ngủ & Đồ mặc nhà,0.06445623189210892,True,4.736198448394496,1,Đồ ngủ & Đồ mặc nhà,0.06445623189210892,True,3.432167718056474,1
Giày Sneaker nam Nike Air Force 1,Giày Sneaker nam,Giày Sneaker nam,0.2122136950492859,True,4.736198448394496,3,Giày Sneaker nam,0.2122136950492859,True,4.736198448394496,3,Giày Sneaker nam,0.21221351623535156,True,4.736198448394496,3,Giày Sneaker nam,0.21221351623535156,True,9.31629997086614,3
Giày thể thao nam Adidas Ultraboost 22,Giày Sneaker nam,Giày Sneaker nam,0.02105906419456005,True,4.736198448394496,2,Giày Sneaker nam,0.02105933614075184,True,4.736198448394496,2,Giày Sneaker nam,0.02105906419456005,True,4.736198448394496,2,Giày Sneaker nam,0.02105906419456005,True,5.417292568945058,2
Giày Biti's Hunter X nam đen,Giày Sneaker nam,Giày cao gót,0.027995087206363678,False,4.736198448394496,1,Giày cao gót,0.02799553982913494,False,4.736198448394496,1,Giày cao gót,0.027995087206363678,False,4.736198448394496,1,Giày cao gót,0.027995087206363678,False,3.0637386891290816,1
Giày tây nam da bò Oxford sang trọng,Giày tây nam,Giày tây nam,0.24718834459781647,True,4.736198448394496,3,Giày tây nam,0.24718834459781647,True,4.736198448394496,3,Giày tây nam,0.2471904754638672,True,4.736198448394496,3,Giày tây nam,0.2471904754638672,True,9.848581886867029,3
Giày lười nam da thật Loafer,Giày tây nam,Giày Sneaker nam,0.07271678745746613,False,4.736198448394496,2,Giày Sneaker nam,0.07271627336740494,False,4.736198448394496,2,Giày Sneaker nam,0.07271678745746613,False,4.736198448394496,2,Giày Sneaker nam,0.07271678745746613,False,5.417292568945058,2
Dép nam quai ngang Adidas Adilette,Dép nam,Dép nam,0.2541615068912506,True,4.736198448394496,2,Dép nam,0.2541615068912506,True,4.736198448394496,2,Dép nam,0.2541627883911133,True,4.736198448394496,2,Dép nam,0.2541627883911133,True,7.940620903346305,2
Dép tông nam cao su đi mưa,Dép nam,Dép nam,0.41233789920806885,True,4.736198448394496,2,Dép nam,0.4123392403125763,True,4.736198448394496,2,Dép nam,0.41233789920806885,True,4.736198448394496,2,Dép nam,0.41233789920806885,True,7.940620903346305,2
Giày Sneaker nữ MLB Chunky Liner,Giày Sneaker nữ,Giày Sneaker nữ,0.3029412031173706,True,4.736198448394496,3,Giày Sneaker nữ,0.3029412031173706,True,4.736198448394496,3,Giày Sneaker nữ,0.30294597148895264,True,4.736198448394496,3,Giày Sneaker nữ,0.30294597148895264,True,9.552152970371509,3
Giày Converse Chuck Taylor 1970s cổ thấp,Giày Sneaker nữ,Giày Sneaker nam,0.026673022657632828,False,4.736198448394496,1,Quần Short nam,0.0302619319409132,False,4.736198448394496,0,Giày Sneaker nam,0.026673022657632828,False,4.736198448394496,1,Giày Sneaker nam,0.026673022657632828,False,3.0637386891290816,1
Giày cao gót mũi nhọn 7cm Juno,Giày cao gót,Giày cao gót,0.458479642868042,True,4.736198448394496,3,Giày cao gót,0.458479642868042,True,4.736198448394496,3,Giày cao gót,0.45848676562309265,True,4.736198448394496,3,Giày cao gót,0.45848676562309265,True,11.926317324973024,3
Giày sandal cao gót quai mảnh,Giày cao gót,Giày Sandal nữ,0.16411873698234558,False,4.736198448394496,2,Giày Sandal nữ,0.16412018239498138,False,4.736198448394496,2,Giày Sandal nữ,0.16411873698234558,False,4.736198448394496,2,Giày Sandal nữ,0.16411873698234558,False,7.495028007051053,2
Giày Sandal nữ đi học đế bằng,Giày Sandal nữ,Giày Sandal nữ,0.7490162253379822,True,4.736198448394496,3,Giày Sandal nữ,0.7490162253379822,True,4.736198448394496,3,Giày Sandal nữ,0.749019980430603,True,4.736198448394496,3,Giày Sandal nữ,0.749019980430603,True,10.0844348863724,3
Dép Sandal Vento nữ quai dù,Giày Sandal nữ,Giày Sandal nữ,0.13589166104793549,True,4.736198448394496,2,Giày Sandal nữ,0.13589198887348175,True,4.736198448394496,2,Giày Sandal nữ,0.13589166104793549,True,4.736198448394496,2,Giày Sandal nữ,0.13589166104793549,True,7.020696197243318,2
Balo Laptop chống sốc 15.6 inch Simplecarry,Balo Laptop,Balo Laptop,0.2012215107679367,True,4.736198448394496,2,Balo Laptop,0.2012215107679367,True,4.736198448394496,2,Balo Laptop,0.2012239545583725,True,4.736198448394496,2,Balo Laptop,0.2012239545583725,True,8.712338052449677,2
Balo Xiaomi Urban Life Style 2,Balo Laptop,Balo Laptop,0.025844814255833626,True,4.736198448394496,1,Quần Short nam,0.05853033438324928,False,4.736198448394496,0,Balo Laptop,0.025844814255833626,True,4.736198448394496,1,Balo Laptop,0.025844814255833626,True,4.563191628115841,1
Balo thời trang mini da PU nữ,Balo thời trang,Balo thời trang,0.08144595474004745,True,4.736198448394496,3,Balo thời trang,0.08144595474004745,True,4.736198448394496,3,Balo thời trang,0.0814453735947609,True,4.736198448394496,3,Balo thời trang,0.0814453735947609,True,12.229304121764134,3
Balo Canvas đi học Hàn Quốc,Balo thời trang,Dụng cụ học tập,0.027550144121050835,False,4.736198448394496,1,Quần Short nam,0.03107926808297634,False,4.736198448394496,0,Dụng cụ học tập,0.027550144121050835,False,4.736198448394496,1,Dụng cụ học tập,0.027550144121050835,False,3.868254910468356,1
Túi xách nữ đeo chéo Charles & Keith,Túi xách nữ,Túi xách nữ,0.22041963040828705,True,4.736198448394496,3,Túi xách nữ,0.22041963040828705,True,4.736198448394496,3,Túi xách nữ,0.22042225301265717,True,4.736198448394496,3,Túi xách nữ,0.22042225301265717,True,11.451985515165289,3
Túi Tote vải Canvas in hình,Túi xách nữ,Túi xách nữ,0.05602792277932167,True,4.736198448394496,1,Túi xách nữ,0.056028228253126144,True,4.736198448394496,1,Túi xách nữ,0.05602792277932167,True,4.736198448394496,1,Túi xách nữ,0.05602792277932167,True,4.431289317921971,1
Túi kẹp nách nữ da trơn trend,Túi xách nữ,Túi xách nữ,0.07866006344556808,True,4.736198448394496,2,Túi xách nữ,0.07865945994853973,True,4.736198448394496,2,Túi xách nữ,0.07866006344556808,True,4.736198448394496,2,Túi xách nữ,0.07866006344556808,True,7.020696197243318,2
Ví da nam cầm tay dáng dài,Ví da,Ví da,0.27581819891929626,True,4.736198448394496,2,Ví da,0.27581819891929626,True,4.736198448394496,2,Ví da,0.27581802010536194,True,4.736198448394496,2,Ví da,0.27581802010536194,True,9.023232883716197,2
Ví nữ mini gập 3 bỏ túi nhỏ gọn,Ví da,Ví da,0.0384075753390789,True,4.736198448394496,1,Ví da,0.038408052176237106,True,4.736198448394496,1,Ví da,0.0384075753390789,True,4.736198448394496,1,Ví da,0.0384075753390789,True,5.186146173340856,1
Thắt lưng nam da bò thật khóa tự động,Thắt lưng,Thắt lưng,0.0850367620587349,True,4.736198448394496,2,Thắt lưng,0.0850367620587349,True,4.736198448394496,2,Thắt lưng,0.08503617346286774,True,4.736198448394496,2,Thắt lưng,0.08503617346286774,True,9.749337801456697,2
Thắt lưng nữ bản nhỏ váy đầm,Thắt lưng,Thắt lưng,0.1338023692369461,True,4.736198448394496,2,Thắt lưng,0.1338023692369461,True,4.736198448394496,2,Thắt lưng,0.13380303978919983,True,4.736198448394496,2,Thắt lưng,0.13380303978919983,True,9.749337801456697,2
Kính mát nam phi công Rayban Aviator,Kính mắt,Kính mắt,0.026833372190594673,True,4.736198448394496,1,Kính mắt,0.026832839474081993,True,4.736198448394496,1,Kính mắt,0.026833372190594673,True,4.736198448394496,1,Kính mắt,0.026833372190594673,True,4.563191628115841,1
Kính giả cận gọng kim loại tròn,Kính mắt,Kính mắt,0.057731349021196365,True,4.736198448394496,1,Kính mắt,0.05773129314184189,True,4.736198448394496,1,Kính mắt,0.057731349021196365,True,4.736198448394496,1,Kính mắt,0.057731349021196365,True,4.563191628115841,1
Mũ lưỡi trai Nón Sơn chính hãng,Mũ nón,Mũ nón,0.253073126077652,True,4.736198448394496,2,Mũ nón,0.253073126077652,True,4.736198448394496,2,Mũ nón,0.253073126077652,True,4.736198448394496,2,Mũ nón,0.253073126077652,True,9.749337801456697,2
Mũ bucket vành tròn tai bèo,Mũ nón,Mũ nón,0.02203659899532795,True,4.736198448394496,1,Dụng cụ thể thao,0.028235597535967827,False,4.736198448394496,0,Mũ nón,0.02203659899532795,True,4.736198448394496,1,Mũ nón,0.02203659899532795,True,4.563191628115841,1
Vali du lịch size 24 inch nhựa ABS,Vali du lịch,Vali du lịch,0.6089863777160645,True,4.736198448394496,3,Vali du lịch,0.6089863777160645,True,4.736198448394496,3,Vali du lịch,0.6089863777160645,True,4.736198448394496,3,Vali du lịch,0.6089863777160645,True,13.293867953765913,3
Vali kéo vải dù size 20 xách tay,Vali du lịch,Vali du lịch,0.045538585633039474,True,4.736198448394496,1,Vali du lịch,0.045538827776908875,True,4.736198448394496,1,Vali du lịch,0.045538585633039474,True,4.736198448394496,1,Vali du lịch,0.045538585633039474,True,4.431289317921971,1
Sữa rửa mặt CeraVe Foaming Facial Cleanser,Sữa rửa mặt,Sữa rửa mặt,0.4165632128715515,True,4.736198448394496,3,Sữa rửa mặt,0.4165632128715515,True,4.736198448394496,3,Sữa rửa mặt,0.4165664315223694,True,4.736198448394496,3,Sữa rửa mặt,0.4165664315223694,True,11.07660371809818,3
Sữa rửa mặt Cetaphil Gentle Skin Cleanser,Sữa rửa mặt,Sữa rửa mặt,0.44970956444740295,True,4.736198448394496,3,Sữa rửa mặt,0.44970956444740295,True,4.736198448394496,3,Sữa rửa mặt,0.44970935583114624,True,4.736198448394496,3,Sữa rửa mặt,0.44970935583114624,True,11.07660371809818,3
Sữa rửa mặt La Roche-Posay Effaclar,Sữa rửa mặt,Sữa rửa mặt,0.25736698508262634,True,4.736198448394496,3,Sữa rửa mặt,0.25736698508262634,True,4.736198448394496,3,Sữa rửa mặt,0.25736919045448303,True,4.736198448394496,3,Sữa rửa mặt,0.25736919045448303,True,11.07660371809818,3
Nước tẩy trang Bioderma nắp hồng 500ml,Nước tẩy trang,Nước tẩy trang,0.18673624098300934,True,4.736198448394496,3,Nước tẩy trang,0.18673624098300934,True,4.736198448394496,3,Nước tẩy trang,0.1867314726114273,True,4.736198448394496,3,Nước tẩy trang,0.1867314726114273,True,10.796116877896038,3
Dầu tẩy trang Muji Oil Cleansing,Nước tẩy trang,Nước tẩy trang,0.1346038430929184,True,4.736198448394496,2,Nước tẩy trang,0.13460375368595123,True,4.736198448394496,2,Nước tẩy trang,0.1346038430929184,True,4.736198448394496,2,Nước tẩy trang,0.1346038430929184,True,8.330296719843052,2
Nước tẩy trang L'Oreal Micellar Water,Nước tẩy trang,Nước tẩy trang,0.424752414226532,True,4.736198448394496,3,Nước tẩy trang,0.424752414226532,True,4.736198448394496,3,Nước tẩy trang,0.4247472882270813,True,4.736198448394496,3,Nước tẩy trang,0.4247472882270813,True,10.796116877896038,3
Toner Klairs không mùi Supple Preparation,Toner - Nước hoa hồng,Toner - Nước hoa hồng,0.26685720682144165,True,4.736198448394496,1,Toner - Nước hoa hồng,0.2668558657169342,True,4.736198448394496,1,Toner - Nước hoa hồng,0.26685720682144165,True,4.736198448394496,1,Toner - Nước hoa hồng,0.26685720682144165,True,3.868254910468356,1
Nước hoa hồng Thayer Lavender,Toner - Nước hoa hồng,Toner - Nước hoa hồng,0.2043687254190445,True,4.736198448394496,3,Toner - Nước hoa hồng,0.20436933636665344,True,4.736198448394496,3,Toner - Nước hoa hồng,0.2043687254190445,True,4.736198448394496,3,Toner - Nước hoa hồng,0.2043687254190445,True,8.650895155915777,3
Serum Vitamin C Balance sáng da,Serum dưỡng da,Serum dưỡng da,0.1157112717628479,True,4.736198448394496,2,Serum dưỡng da,0.11571527272462845,True,4.736198448394496,2,Serum dưỡng da,0.1157112717628479,True,4.736198448394496,2,Serum dưỡng da,0.1157112717628479,True,7.709878232177989,2
Serum Estee Lauder Advanced Night Repair,Serum dưỡng da,Serum dưỡng da,0.07004013657569885,True,4.736198448394496,1,Mặt nạ dưỡng da,0.08639293164014816,False,4.736198448394496,0,Serum dưỡng da,0.07004013657569885,True,4.736198448394496,1,Serum dưỡng da,0.07004013657569885,True,4.431289317921971,1
Serum B5 La Roche-Posay phục hồi da,Serum dưỡng da,Serum dưỡng da,0.17001651227474213,True,4.736198448394496,2,Serum dưỡng da,0.17001812160015106,True,4.736198448394496,2,Serum dưỡng da,0.17001651227474213,True,4.736198448394496,2,Serum dưỡng da,0.17001651227474213,True,7.709878232177989,2
Kem dưỡng ẩm Neutrogena Aqua Gel,Kem dưỡng ẩm,Kem dưỡng ẩm,0.2698591351509094,True,4.736198448394496,3,Kem dưỡng ẩm,0.2698591351509094,True,4.736198448394496,3,Kem dưỡng ẩm,0.2698606252670288,True,4.736198448394496,3,Kem dưỡng ẩm,0.2698606252670288,True,11.875524257616167,3
Kem dưỡng ẩm Clinique Dramatically Different,Kem dưỡng ẩm,Kem dưỡng ẩm,0.4712793231010437,True,4.736198448394496,3,Kem dưỡng ẩm,0.4712793231010437,True,4.736198448394496,3,Kem dưỡng ẩm,0.4712814688682556,True,4.736198448394496,3,Kem dưỡng ẩm,0.4712814688682556,True,11.875524257616167,3
Kem chống nắng Anessa Perfect UV Milk,Kem chống nắng,Kem chống nắng,0.23028014600276947,True,4.736198448394496,3,Kem chống nắng,0.23028014600276947,True,4.736198448394496,3,Kem chống nắng,0.23027779161930084,True,4.736198448394496,3,Kem chống nắng,0.23027779161930084,True,12.229304121764134,3
Kem chống nắng Skin1004 Madagascar Centella,Kem chống nắng,Kem chống nắng,0.17573940753936768,True,4.736198448394496,3,Kem chống nắng,0.17573940753936768,True,4.736198448394496,3,Kem chống nắng,0.1757390946149826,True,4.736198448394496,3,Kem chống nắng,0.1757390946149826,True,12.229304121764134,3
Kem chống nắng La Roche-Posay Anthelios,Kem chống nắng,Kem chống nắng,0.4651333689689636,True,4.736198448394496,3,Kem chống nắng,0.4651333689689636,True,4.736198448394496,3,Kem chống nắng,0.46513405442237854,True,4.736198448394496,3,Kem chống nắng,0.46513405442237854,True,12.229304121764134,3
Mặt nạ giấy Innisfree My Real Squeeze,Mặt nạ dưỡng da,Mặt nạ dưỡng da,0.03727230429649353,True,4.736198448394496,2,Kẻ mắt & Mascara,0.06286316365003586,False,4.736198448394496,0,Mặt nạ dưỡng da,0.03727230429649353,True,4.736198448394496,2,Mặt nạ dưỡng da,0.03727230429649353,True,7.271859018968877,2
Mặt nạ đất sét Kiehl's Rare Earth,Mặt nạ dưỡng da,Mặt nạ dưỡng da,0.08725035190582275,True,4.736198448394496,2,Mặt nạ dưỡng da,0.08725035190582275,True,4.736198448394496,2,Mặt nạ dưỡng da,0.08725035190582275,True,4.736198448394496,2,Mặt nạ dưỡng da,0.08725035190582275,True,7.271859018968877,2
Son kem lì Black Rouge A12,Son môi,Son môi,0.0739763081073761,True,4.736198448394496,1,Thẻ nhớ & USB,0.10654053837060928,False,4.736198448394496,0,Son môi,0.0739763081073761,True,4.736198448394496,1,Son môi,0.0739763081073761,True,5.186146173340856,1
Son thòi MAC Chili Matte,Son môi,Son môi,0.0736927017569542,True,4.736198448394496,1,Son môi,0.07369138300418854,True,4.736198448394496,1,Son môi,0.0736927017569542,True,4.736198448394496,1,Son môi,0.0736927017569542,True,5.186146173340856,1
Son dưỡng môi có màu Dior Lip Glow,Son môi,Son môi,0.3428378999233246,True,4.736198448394496,2,Son môi,0.34283900260925293,True,4.736198448394496,2,Son môi,0.3428378999233246,True,4.736198448394496,2,Son môi,0.3428378999233246,True,10.372292346681713,2
Phấn nước April Skin Magic Snow Cushion,Phấn nước & Phấn phủ,Phấn nước & Phấn phủ,0.16086091101169586,True,4.736198448394496,2,Phấn nước & Phấn phủ,0.1608596295118332,True,4.736198448394496,2,Phấn nước & Phấn phủ,0.16086091101169586,True,4.736198448394496,2,Phấn nước & Phấn phủ,0.16086091101169586,True,7.850985055278304,2
Phấn phủ bột RCMA No Color Powder,Phấn nước & Phấn phủ,Phấn nước & Phấn phủ,0.15926222503185272,True,4.736198448394496,2,Phấn nước & Phấn phủ,0.15925967693328857,True,4.736198448394496,2,Phấn nước & Phấn phủ,0.15926222503185272,True,4.736198448394496,2,Phấn nước & Phấn phủ,0.15926222503185272,True,9.566724016010994,2
Mascara Maybelline Sky High làm dài mi,Kẻ mắt & Mascara,Kẻ mắt & Mascara,0.13498033583164215,True,4.736198448394496,1,Kẻ mắt & Mascara,0.134980246424675,True,4.736198448394496,1,Kẻ mắt & Mascara,0.13498033583164215,True,4.736198448394496,1,Kẻ mắt & Mascara,0.13498033583164215,True,4.431289317921971,1
Bút kẻ mắt nước Kissme Heroine Make,Kẻ mắt & Mascara,Kẻ mắt & Mascara,0.3280610740184784,True,4.736198448394496,2,Kẻ mắt & Mascara,0.32806068658828735,True,4.736198448394496,2,Kẻ mắt & Mascara,0.3280610740184784,True,4.736198448394496,2,Kẻ mắt & Mascara,0.3280610740184784,True,8.330296719843052,2
Nước hoa nam Versace Eros EDT 100ml,Nước hoa nam,Nước hoa nam,0.46452271938323975,True,4.736198448394496,3,Nước hoa nam,0.46452271938323975,True,4.736198448394496,3,Nước hoa nam,0.46452292799949646,True,4.736198448394496,3,Nước hoa nam,0.46452292799949646,True,8.364601575642078,3
Nước hoa nam Chanel Bleu De Chanel,Nước hoa nam,Nước hoa nam,0.18672913312911987,True,4.736198448394496,3,Nước hoa nam,0.18672913312911987,True,4.736198448394496,3,Nước hoa nam,0.1867317259311676,True,4.736198448394496,3,Nước hoa nam,0.1867317259311676,True,8.364601575642078,3
Nước hoa nữ Narciso Rodriguez For Her,Nước hoa nữ,Nước hoa nữ,0.20066428184509277,True,4.736198448394496,3,Nước hoa nữ,0.20066428184509277,True,4.736198448394496,3,Nước hoa nữ,0.20066089928150177,True,4.736198448394496,3,Nước hoa nữ,0.20066089928150177,True,8.600454575147447,3
Nước hoa nữ Lancome La Vie Est Belle,Nước hoa nữ,Nước hoa nữ,0.17533667385578156,True,4.736198448394496,3,Nước hoa nữ,0.17533667385578156,True,4.736198448394496,3,Nước hoa nữ,0.17533940076828003,True,4.736198448394496,3,Nước hoa nữ,0.17533940076828003,True,8.600454575147447,3
Dầu gội Nguyên Xuân bồ kết thảo dược,Dầu gội & Dầu xả,Dầu gội & Dầu xả,0.12861691415309906,True,4.736198448394496,2,Dầu gội & Dầu xả,0.12861821055412292,True,4.736198448394496,2,Dầu gội & Dầu xả,0.12861691415309906,True,4.736198448394496,2,Dầu gội & Dầu xả,0.12861691415309906,True,8.882229767011584,2
Combo Gội Xả TRESemmé Keratin Smooth,Dầu gội & Dầu xả,Dầu gội & Dầu xả,0.17892171442508698,True,4.736198448394496,2,Dầu gội & Dầu xả,0.17892548441886902,True,4.736198448394496,2,Dầu gội & Dầu xả,0.17892171442508698,True,4.736198448394496,2,Dầu gội & Dầu xả,0.17892171442508698,True,7.736509820936712,2
Dầu gội Head & Shoulders Bạc hà,Dầu gội & Dầu xả,Dầu gội & Dầu xả,0.23463384807109833,True,4.736198448394496,2,Dầu gội & Dầu xả,0.2346348762512207,True,4.736198448394496,2,Dầu gội & Dầu xả,0.23463384807109833,True,4.736198448394496,2,Dầu gội & Dầu xả,0.23463384807109833,True,8.882229767011584,2
Sữa tắm Lifebuoy Bảo vệ vượt trội 800g,Sữa tắm,Sữa tắm,0.13487793505191803,True,4.736198448394496,2,Sữa tắm,0.13487793505191803,True,4.736198448394496,2,Sữa tắm,0.13487903773784637,True,4.736198448394496,2,Sữa tắm,0.13487903773784637,True,9.023232883716197,2
Sữa tắm Enchanteur hương nước hoa,Sữa tắm,Sữa tắm,0.18406467139720917,True,4.736198448394496,2,Sữa tắm,0.18406467139720917,True,4.736198448394496,2,Nước hoa nữ,0.23581276834011078,False,4.736198448394496,2,Nước hoa nữ,0.23581276834011078,False,6.011047695826101,2
Sữa tắm Tesori d'Oriente Hoa Sen,Sữa tắm,Sữa tắm,0.19610174000263214,True,4.736198448394496,2,Sữa tắm,0.19610174000263214,True,4.736198448394496,2,Sữa tắm,0.19610054790973663,True,4.736198448394496,2,Sữa tắm,0.19610054790973663,True,9.023232883716197,2
Lăn khử mùi Etiaxil cho da nhạy cảm,Lăn khử mùi,Lăn khử mùi,0.519603431224823,True,4.736198448394496,3,Lăn khử mùi,0.519603431224823,True,4.736198448394496,3,Lăn khử mùi,0.5196031928062439,True,4.736198448394496,3,Lăn khử mùi,0.5196031928062439,True,13.293867953765913,3
Xịt khử mùi nam X-Men For Boss,Lăn khử mùi,Lăn khử mùi,0.15763895213603973,True,4.736198448394496,2,Lăn khử mùi,0.1576438844203949,True,4.736198448394496,2,Lăn khử mùi,0.15763895213603973,True,4.736198448394496,2,Lăn khử mùi,0.15763895213603973,True,8.862578635843942,2
Bỉm dán Bobby size S 56 miếng,Tã dán,Tã dán,0.01321675255894661,True,4.736198448394496,1,Đồ lót nam,0.025041591376066208,False,4.736198448394496,0,Tã dán,0.01321675255894661,True,4.736198448394496,1,Tã dán,0.01321675255894661,True,5.186146173340856,1
Tã dán Merries size M 64 miếng,Tã dán,Tã dán,0.2291276752948761,True,4.736198448394496,2,Tã dán,0.2291276752948761,True,4.736198448394496,2,Tã dán,0.2291242778301239,True,4.736198448394496,2,Tã dán,0.2291242778301239,True,9.749337801456697,2
Tã dán Moony Natural size NB90,Tã dán,Tã dán,0.5019693374633789,True,4.736198448394496,2,Tã dán,0.5019693374633789,True,4.736198448394496,2,Tã dán,0.5019779205322266,True,4.736198448394496,2,Tã dán,0.5019779205322266,True,9.749337801456697,2
Tã quần Huggies size L 68 miếng,Tã quần,Tã quần,0.3090587258338928,True,4.736198448394496,2,Tã quần,0.3090587258338928,True,4.736198448394496,2,Tã quần,0.309061199426651,True,4.736198448394496,2,Tã quần,0.309061199426651,True,8.148829021386787,2
Bỉm quần Pamper giữ dáng size XL,Tã quần,Quần Jeans nữ,0.026922816410660744,False,4.736198448394496,1,Quần Jeans nữ,0.026923194527626038,False,4.736198448394496,1,Quần Jeans nữ,0.026922816410660744,False,4.736198448394496,1,Quần Jeans nữ,0.026922816410660744,False,3.0637386891290816,1
Sữa bột Meiji số 0 nội địa Nhật 800g,Sữa bột cho bé,Sữa bột cho bé,0.05938180536031723,True,4.736198448394496,2,Sữa bột cho bé,0.05938265472650528,True,4.736198448394496,2,Sữa bột cho bé,0.05938180536031723,True,4.736198448394496,2,Sữa bột cho bé,0.05938180536031723,True,5.956790361653669,2
Sữa Similac 5G số 1 900g,Sữa bột cho bé,Sữa bột cho bé,0.04554558917880058,True,4.736198448394496,1,Sữa bột cho bé,0.0455470010638237,True,4.736198448394496,1,Sữa bột cho bé,0.04554558917880058,True,4.736198448394496,1,Sữa bột cho bé,0.04554558917880058,True,2.8620152639740772,1
Sữa Aptamil Úc Profutura số 2,Sữa bột cho bé,Sữa bột cho bé,0.03671971708536148,True,4.736198448394496,1,Sữa bột cho bé,0.03672048822045326,True,4.736198448394496,1,Sữa bột cho bé,0.03671971708536148,True,4.736198448394496,1,Sữa bột cho bé,0.03671971708536148,True,2.8620152639740772,1
Bột ăn dặm HiPP vị ngũ cốc,Bột ăn dặm,Bột ăn dặm,0.7858046889305115,True,4.736198448394496,3,Bột ăn dặm,0.7858046889305115,True,4.736198448394496,3,Bột ăn dặm,0.7858024835586548,True,4.736198448394496,3,Bột ăn dặm,0.7858024835586548,True,11.040255544824168,3
Bánh ăn dặm Gerber vị dâu táo,Bột ăn dặm,Bột ăn dặm,0.11482002586126328,True,4.736198448394496,2,Bột ăn dặm,0.1148163303732872,True,4.736198448394496,2,Bột ăn dặm,0.11482002586126328,True,4.736198448394496,2,Bột ăn dặm,0.11482002586126328,True,7.495028007051053,2
Bình sữa Hegen 150ml PPSU,Bình sữa & Phụ kiện,Bình sữa & Phụ kiện,0.10008138418197632,True,4.736198448394496,2,Nước giặt & Bột giặt,0.16016648709774017,False,4.736198448394496,0,Bình sữa & Phụ kiện,0.10008138418197632,True,4.736198448394496,2,Bình sữa & Phụ kiện,0.10008138418197632,True,6.265619372474598,2
Bình sữa Pigeon nội địa Nhật 160ml,Bình sữa & Phụ kiện,Bình sữa & Phụ kiện,0.07076933234930038,True,4.736198448394496,2,Nước giặt & Bột giặt,0.08253253996372223,False,4.736198448394496,0,Bình sữa & Phụ kiện,0.07076933234930038,True,4.736198448394496,2,Bình sữa & Phụ kiện,0.07076933234930038,True,6.265619372474598,2
Núm ty thay thế Avent size 3,Bình sữa & Phụ kiện,Điện thoại Smartphone,0.0,False,0.0,0,Túi xách nữ,0.05573529377579689,False,4.736198448394496,0,Điện thoại Smartphone,0.0,False,0.0,0,Điện thoại Smartphone,0.0,False,0.0,0
Bộ đồ chơi xếp hình Lego Classic,Đồ chơi trẻ em,Đồ chơi trẻ em,0.016743693500757217,True,4.736198448394496,2,Đồ chơi trẻ em,0.016743876039981842,True,4.736198448394496,2,Đồ chơi trẻ em,0.016743693500757217,True,4.736198448394496,2,Đồ chơi trẻ em,0.016743693500757217,True,6.385149589315393,2
Xe ô tô điều khiển từ xa địa hình,Đồ chơi trẻ em,Phụ kiện ô tô,0.023290731012821198,False,4.736198448394496,2,Thiết bị mạng & Wifi,0.025953713804483414,False,4.736198448394496,0,Phụ kiện ô tô,0.023290731012821198,False,4.736198448394496,2,Phụ kiện ô tô,0.023290731012821198,False,7.736509820936712,2
Búp bê Barbie thời trang,Đồ chơi trẻ em,Balo thời trang,0.017574680969119072,False,4.736198448394496,2,Đồ chơi trẻ em,0.05013607069849968,True,4.736198448394496,0,Balo thời trang,0.017574680969119072,False,4.736198448394496,2,Balo thời trang,0.017574680969119072,False,8.330296719843052,2
Xe đẩy em bé gấp gọn Combi,Xe đẩy & Địu,Xe đẩy & Địu,0.08873674273490906,True,4.736198448394496,2,Xe đẩy & Địu,0.08873782306909561,True,4.736198448394496,2,Xe đẩy & Địu,0.08873674273490906,True,4.736198448394496,2,Xe đẩy & Địu,0.08873674273490906,True,8.862578635843942,2
Địu ngồi trẻ em 4 tư thế,Xe đẩy & Địu,Xe đẩy & Địu,0.15676748752593994,True,4.736198448394496,1,Xe đẩy & Địu,0.1567663699388504,True,4.736198448394496,1,Xe đẩy & Địu,0.15676748752593994,True,4.736198448394496,1,Xe đẩy & Địu,0.15676748752593994,True,4.431289317921971,1
Thực phẩm chức năng Blackmores Omega 3,Vitamin & Thực phẩm chức năng,Vitamin & Thực phẩm chức năng,0.05661599338054657,True,4.736198448394496,4,Vitamin & Thực phẩm chức năng,0.05661635845899582,True,4.736198448394496,4,Vitamin & Thực phẩm chức năng,0.05661599338054657,True,4.736198448394496,4,Vitamin & Thực phẩm chức năng,0.05661599338054657,True,13.316402415365083,4
Vitamin D3 K2 Lineabon cho bé,Vitamin & Thực phẩm chức năng,Vitamin & Thực phẩm chức năng,0.012506647035479546,True,4.736198448394496,1,Bình sữa & Phụ kiện,0.014317010529339314,False,4.736198448394496,0,Vitamin & Thực phẩm chức năng,0.012506647035479546,True,4.736198448394496,1,Vitamin & Thực phẩm chức năng,0.012506647035479546,True,3.432167718056474,1
Viên uống Collagen DHC gói 30 ngày,Vitamin & Thực phẩm chức năng,Điện thoại Smartphone,0.0,False,0.0,0,Vitamin & Thực phẩm chức năng,0.02064836025238037,True,4.736198448394496,0,Điện thoại Smartphone,0.0,False,0.0,0,Điện thoại Smartphone,0.0,False,0.0,0
Vợt cầu lông Yonex Nanoflare,Dụng cụ thể thao,Điện thoại Smartphone,0.0,False,0.0,0,Giày Sneaker nữ,0.0557158999145031,False,4.736198448394496,0,Điện thoại Smartphone,0.0,False,0.0,0,Điện thoại Smartphone,0.0,False,0.0,0
Quả bóng đá Động Lực UHV 2.05,Dụng cụ thể thao,Kính cường lực,0.007166716270148754,False,4.736198448394496,1,Phụ kiện ô tô,0.03267969191074371,False,4.736198448394496,0,Kính cường lực,0.007166716270148754,False,4.736198448394496,1,Kính cường lực,0.007166716270148754,False,4.431289317921971,1
Kính bơi cận View chống sương mù,Dụng cụ thể thao,Kính mắt,0.09052836894989014,False,4.736198448394496,1,Kính mắt,0.09052988141775131,False,4.736198448394496,1,Kính mắt,0.09052836894989014,False,4.736198448394496,1,Kính mắt,0.09052836894989014,False,4.563191628115841,1
Thảm tập Yoga TPE 2 lớp 6mm,Thảm tập Yoga,Thảm tập Yoga,0.6245795488357544,True,4.736198448394496,3,Thảm tập Yoga,0.6245795488357544,True,4.736198448394496,3,Thảm tập Yoga,0.6245885491371155,True,4.736198448394496,3,Thảm tập Yoga,0.6245885491371155,True,12.761586037765023,3
Bóng tập Yoga Gym đường kính 65cm,Thảm tập Yoga,Thảm tập Yoga,0.0635451078414917,True,4.736198448394496,2,Thảm tập Yoga,0.06354465335607529,True,4.736198448394496,2,Thảm tập Yoga,0.0635451078414917,True,4.736198448394496,2,Thảm tập Yoga,0.0635451078414917,True,8.330296719843052,2
Lều cắm trại tự bung 4 người,Lều trại & Dã ngoại,Lều trại & Dã ngoại,0.04854963347315788,True,4.736198448394496,2,Lều trại & Dã ngoại,0.04854932054877281,True,4.736198448394496,2,Lều trại & Dã ngoại,0.04854963347315788,True,4.736198448394496,2,Lều trại & Dã ngoại,0.04854963347315788,True,7.736509820936712,2
Ghế xếp dã ngoại Naturehike,Lều trại & Dã ngoại,Lều trại & Dã ngoại,0.15232421457767487,True,4.736198448394496,2,Lều trại & Dã ngoại,0.15232346951961517,True,4.736198448394496,2,Lều trại & Dã ngoại,0.15232421457767487,True,4.736198448394496,2,Lều trại & Dã ngoại,0.15232421457767487,True,7.271859018968877,2
Mũ bảo hiểm 3/4 Royal M139 kính âm,Mũ bảo hiểm,Mũ bảo hiểm,0.3586013615131378,True,4.736198448394496,3,Mũ bảo hiểm,0.3586013615131378,True,4.736198448394496,3,Mũ bảo hiểm,0.35860419273376465,True,4.736198448394496,3,Mũ bảo hiểm,0.35860419273376465,True,12.761586037765023,3
Nón bảo hiểm nửa đầu Andes 3S,Mũ bảo hiểm,Mũ nón,0.08271051198244095,False,4.736198448394496,1,Mũ nón,0.0827108696103096,False,4.736198448394496,1,Mũ nón,0.08271051198244095,False,4.736198448394496,1,Mũ nón,0.08271051198244095,False,5.186146173340856,1
Camera hành trình ô tô Vietmap C61,Phụ kiện ô tô,Camera giám sát,0.02789253368973732,False,4.736198448394496,1,Phụ kiện ô tô,0.023848433047533035,True,4.736198448394496,2,Camera giám sát,0.02789253368973732,False,4.736198448394496,1,Camera giám sát,0.02789253368973732,False,4.431289317921971,1
Bơm lốp ô tô mini 12V Michelin,Phụ kiện ô tô,Phụ kiện ô tô,0.029555384069681168,True,4.736198448394496,2,Phụ kiện ô tô,0.029555080458521843,True,4.736198448394496,2,Phụ kiện ô tô,0.029555384069681168,True,4.736198448394496,2,Phụ kiện ô tô,0.029555384069681168,True,7.736509820936712,2
Nước hoa kẹp cửa gió ô tô Areon,Phụ kiện ô tô,Nước hoa nam,0.08946976065635681,False,4.736198448394496,2,Nước hoa nam,0.089471235871315,False,4.736198448394496,2,Nước hoa nam,0.08946976065635681,False,4.736198448394496,2,Nước hoa nam,0.08946976065635681,False,6.011047695826101,2
Dầu nhớt xe máy Motul 7100 4T 10W50,Nhớt & Phụ gia,Dầu gội & Dầu xả,0.05180524289608002,False,4.736198448394496,1,Dầu gội & Dầu xả,0.05180591717362404,False,4.736198448394496,1,Dầu gội & Dầu xả,0.05180524289608002,False,4.736198448394496,1,Dầu gội & Dầu xả,0.05180524289608002,False,5.0139748565432285,1
Dung dịch vệ sinh buồng đốt Carbon,Nhớt & Phụ gia,Giấy vệ sinh,0.008710840716958046,False,4.736198448394496,2,Nhớt & Phụ gia,0.015407025814056396,True,4.736198448394496,0,Giấy vệ sinh,0.008710840716958046,False,4.736198448394496,2,Giấy vệ sinh,0.008710840716958046,False,7.444234939694197,2
Thức ăn hạt cho chó Smartheart 1.5kg,Thức ăn cho chó,Thức ăn cho chó,0.761461615562439,True,4.736198448394496,4,Thức ăn cho chó,0.7614595293998718,True,4.736198448394496,4,Thức ăn cho chó,0.761461615562439,True,4.736198448394496,4,Thức ăn cho chó,0.761461615562439,True,13.041097772335267,4
Pate cho chó Pedigree vị bò,Thức ăn cho chó,Thức ăn cho chó,0.13819727301597595,True,4.736198448394496,2,Thức ăn cho chó,0.13819454610347748,True,4.736198448394496,2,Thức ăn cho chó,0.13819727301597595,True,4.736198448394496,2,Thức ăn cho chó,0.13819727301597595,True,6.963030008147947,2
Thức ăn cho mèo Royal Canin Kitten 2kg,Thức ăn cho mèo,Thức ăn cho mèo,0.8657174110412598,True,4.736198448394496,4,Thức ăn cho mèo,0.8657174110412598,True,4.736198448394496,4,Thức ăn cho mèo,0.8657163381576538,True,4.736198448394496,4,Thức ăn cho mèo,0.8657163381576538,True,13.041097772335267,4
Pate mèo Whiskas cá biển,Thức ăn cho mèo,Thức ăn cho mèo,0.21386243402957916,True,4.736198448394496,1,Thức ăn cho mèo,0.2138635665178299,True,4.736198448394496,1,Thức ăn cho mèo,0.21386243402957916,True,4.736198448394496,1,Thức ăn cho mèo,0.21386243402957916,True,3.868254910468356,1
Súp thưởng cho mèo Ciao Churu,Thức ăn cho mèo,Thức ăn cho mèo,0.3297354280948639,True,4.736198448394496,2,Thức ăn cho mèo,0.32973581552505493,True,4.736198448394496,2,Thức ăn cho mèo,0.3297354280948639,True,4.736198448394496,2,Thức ăn cho mèo,0.3297354280948639,True,6.963030008147947,2
Cát vệ sinh cho mèo Nhật Bản 8L,Cát vệ sinh thú cưng,Thức ăn cho mèo,0.06744099408388138,False,4.736198448394496,2,Thức ăn cho mèo,0.06744196265935898,False,4.736198448394496,2,Thức ăn cho mèo,0.06744099408388138,False,4.736198448394496,2,Thức ăn cho mèo,0.06744099408388138,False,6.963030008147947,2
Cát đất sét Neko hương cafe,Cát vệ sinh thú cưng,Cát vệ sinh thú cưng,0.07737470418214798,True,4.736198448394496,1,Cà phê & Trà,0.0823068767786026,False,4.736198448394496,0,Cát vệ sinh thú cưng,0.07737470418214798,True,4.736198448394496,1,Cát vệ sinh thú cưng,0.07737470418214798,True,3.432167718056474,1
Sách Đắc Nhân Tâm - Dale Carnegie,Sách kỹ năng,Sách kỹ năng,0.016010912135243416,True,4.736198448394496,1,Truyện tranh,0.04393937438726425,False,4.736198448394496,0,Sách kỹ năng,0.016010912135243416,True,4.736198448394496,1,Sách kỹ năng,0.016010912135243416,True,4.431289317921971,1
Sách Nhà Giả Kim - Paulo Coelho,Sách kỹ năng,Đồ ngủ & Đồ mặc nhà,0.024532366544008255,False,4.736198448394496,1,Truyện tranh,0.039626482874155045,False,4.736198448394496,0,Đồ ngủ & Đồ mặc nhà,0.024532366544008255,False,4.736198448394496,1,Đồ ngủ & Đồ mặc nhà,0.024532366544008255,False,3.0198992611956603,1
Sách Tư Duy Nhanh Và Chậm,Sách kỹ năng,Sách kỹ năng,0.078581802546978,True,4.736198448394496,1,Sách kỹ năng,0.07858172804117203,True,4.736198448394496,1,Sách kỹ năng,0.078581802546978,True,4.736198448394496,1,Sách kỹ năng,0.078581802546978,True,4.431289317921971,1
Tiểu thuyết Rừng Na Uy - Murakami,Tiểu thuyết,Tiểu thuyết,0.07519721984863281,True,4.736198448394496,2,Tiểu thuyết,0.07519721984863281,True,4.736198448394496,2,Tiểu thuyết,0.07519721984863281,True,4.736198448394496,2,Tiểu thuyết,0.07519721984863281,True,10.372292346681713,2
Tiểu thuyết Cây Cam Ngọt Của Tôi,Tiểu thuyết,Tiểu thuyết,0.0965828225016594,True,4.736198448394496,2,Tiểu thuyết,0.0965828225016594,True,4.736198448394496,2,Tiểu thuyết,0.09658322483301163,True,4.736198448394496,2,Tiểu thuyết,0.09658322483301163,True,10.372292346681713,2
Truyện tranh Doraemon tập 1,Truyện tranh,Truyện tranh,0.33502018451690674,True,4.736198448394496,2,Truyện tranh,0.33502018451690674,True,4.736198448394496,2,Truyện tranh,0.33502334356307983,True,4.736198448394496,2,Truyện tranh,0.33502334356307983,True,10.372292346681713,2
Bộ truyện One Piece tập mới nhất,Truyện tranh,Truyện tranh,0.010900452733039856,True,4.736198448394496,1,Tivi,0.011302145197987556,False,4.736198448394496,0,Truyện tranh,0.010900452733039856,True,4.736198448394496,1,Truyện tranh,0.010900452733039856,True,5.186146173340856,1
Bộ bút bi Thiên Long ngòi 0.5mm,Dụng cụ học tập,Nồi & Bộ nồi,0.003786067245528102,False,4.736198448394496,1,Bình sữa & Phụ kiện,0.017564544454216957,False,4.736198448394496,0,Nồi & Bộ nồi,0.003786067245528102,False,4.736198448394496,1,Nồi & Bộ nồi,0.003786067245528102,False,4.431289317921971,1
Sổ tay bìa da A5 Planner,Dụng cụ học tập,Ốp lưng & Bao da,0.016645096242427826,False,4.736198448394496,1,Dụng cụ học tập,0.03862480819225311,True,4.736198448394496,0,Ốp lưng & Bao da,0.016645096242427826,False,4.736198448394496,1,Ốp lưng & Bao da,0.016645096242427826,False,2.8620152639740772,1
Máy tính bỏ túi Casio FX-580VN X,Dụng cụ học tập,Linh kiện máy tính,0.030122846364974976,False,4.736198448394496,2,Bàn phím cơ,0.04123528301715851,False,4.736198448394496,0,Linh kiện máy tính,0.030122846364974976,False,4.736198448394496,2,Linh kiện máy tính,0.030122846364974976,False,4.826592533121755,2
Bánh ChocoPie Orion hộp 12 cái,Bánh kẹo,Bánh kẹo,0.047138944268226624,True,4.736198448394496,1,Cà phê & Trà,0.049594953656196594,False,4.736198448394496,0,Bánh kẹo,0.047138944268226624,True,4.736198448394496,1,Bánh kẹo,0.047138944268226624,True,5.186146173340856,1
Kẹo dẻo Haribo Goldbears gói 80g,Bánh kẹo,Bánh kẹo,0.043972428888082504,True,4.736198448394496,1,Bánh kẹo,0.04397222027182579,True,4.736198448394496,1,Bánh kẹo,0.043972428888082504,True,4.736198448394496,1,Bánh kẹo,0.043972428888082504,True,5.186146173340856,1
Bánh quy bơ Danisa hộp thiếc 454g,Bánh kẹo,Bánh kẹo,0.01964215375483036,True,4.736198448394496,1,Bánh kẹo,0.019642051309347153,True,4.736198448394496,1,Bánh kẹo,0.01964215375483036,True,4.736198448394496,1,Bánh kẹo,0.01964215375483036,True,5.186146173340856,1
Khô gà lá chanh 500g,Đồ ăn vặt,Gia vị & Đồ khô,0.013608081266283989,False,4.736198448394496,1,Nước hoa nam,0.016580374911427498,False,4.736198448394496,0,Gia vị & Đồ khô,0.013608081266283989,False,4.736198448394496,1,Gia vị & Đồ khô,0.013608081266283989,False,3.868254910468356,1
Cơm cháy chà bông Sài Gòn,Đồ ăn vặt,Nồi cơm điện,0.04240157827734947,False,4.736198448394496,1,Mì ăn liền & Phở,0.13054943084716797,False,4.736198448394496,0,Nồi cơm điện,0.04240157827734947,False,4.736198448394496,1,Nồi cơm điện,0.04240157827734947,False,4.431289317921971,1
Rong biển sấy khô ăn liền,Đồ ăn vặt,Mì ăn liền & Phở,0.1209738701581955,False,4.736198448394496,2,Mì ăn liền & Phở,0.12097234278917313,False,4.736198448394496,2,Mì ăn liền & Phở,0.1209738701581955,False,4.736198448394496,2,Mì ăn liền & Phở,0.1209738701581955,False,6.5427185661551555,2
Thùng 24 lon Coca-Cola 320ml,Nước ngọt,Điện thoại Smartphone,0.0,False,0.0,0,Nước ngọt,0.02093023620545864,True,4.736198448394496,0,Điện thoại Smartphone,0.0,False,0.0,0,Điện thoại Smartphone,0.0,False,0.0,0
Nước tăng lực Redbull Thái Lan,Nước ngọt,Nước ngọt,0.023474153131246567,True,4.736198448394496,1,Nước ngọt,0.02347465604543686,True,4.736198448394496,1,Nước ngọt,0.023474153131246567,True,4.736198448394496,1,Nước ngọt,0.023474153131246567,True,2.8858652322954508,1
Trà sữa đóng chai Kirin,Nước ngọt,Cà phê & Trà,0.017742089927196503,False,4.736198448394496,1,Nước ngọt,0.020192641764879227,True,4.736198448394496,0,Cà phê & Trà,0.017742089927196503,False,4.736198448394496,1,Cà phê & Trà,0.017742089927196503,False,4.431289317921971,1
Cà phê hòa tan G7 Trung Nguyên 3in1,Cà phê & Trà,Cà phê & Trà,0.04714314639568329,True,4.736198448394496,2,Cà phê & Trà,0.0471433624625206,True,4.736198448394496,2,Cà phê & Trà,0.04714314639568329,True,4.736198448394496,2,Cà phê & Trà,0.04714314639568329,True,8.862578635843942,2
Trà xanh Thái Nguyên túi lọc Cozy,Cà phê & Trà,Cà phê & Trà,0.04689937084913254,True,4.736198448394496,1,Cà phê & Trà,0.04689909145236015,True,4.736198448394496,1,Cà phê & Trà,0.04689937084913254,True,4.736198448394496,1,Cà phê & Trà,0.04689937084913254,True,4.431289317921971,1
Cafe hạt Rang xay Highland,Cà phê & Trà,Máy xay sinh tố,0.01679736003279686,False,4.736198448394496,1,Cà phê & Trà,0.03493911772966385,True,4.736198448394496,0,Máy xay sinh tố,0.01679736003279686,False,4.736198448394496,1,Máy xay sinh tố,0.01679736003279686,False,3.868254910468356,1
Thùng 30 gói Mì Hảo Hảo tôm chua cay,Mì ăn liền & Phở,Mì ăn liền & Phở,0.018597131595015526,True,4.736198448394496,1,Gia vị & Đồ khô,0.019600912928581238,False,4.736198448394496,0,Mì ăn liền & Phở,0.018597131595015526,True,4.736198448394496,1,Mì ăn liền & Phở,0.018597131595015526,True,3.868254910468356,1
Phở bò ăn liền Vifon,Mì ăn liền & Phở,Mì ăn liền & Phở,0.5059345960617065,True,4.736198448394496,3,Mì ăn liền & Phở,0.505950391292572,True,4.736198448394496,3,Mì ăn liền & Phở,0.5059345960617065,True,4.736198448394496,3,Mì ăn liền & Phở,0.5059345960617065,True,10.41097347662351,3
Mì trộn Indomie Goreng vị đặc biệt,Mì ăn liền & Phở,Mì ăn liền & Phở,0.08342606574296951,True,4.736198448394496,1,Mì ăn liền & Phở,0.08342374116182327,True,4.736198448394496,1,Mì ăn liền & Phở,0.08342606574296951,True,4.736198448394496,1,Mì ăn liền & Phở,0.08342606574296951,True,3.868254910468356,1
Dầu ăn Tường An Cooking Oil 1L,Gia vị & Đồ khô,Dầu gội & Dầu xả,0.031100237742066383,False,4.736198448394496,1,Dầu gội & Dầu xả,0.031100668013095856,False,4.736198448394496,1,Dầu gội & Dầu xả,0.031100237742066383,False,4.736198448394496,1,Dầu gội & Dầu xả,0.031100237742066383,False,5.0139748565432285,1
Nước mắm Nam Ngư 750ml,Gia vị & Đồ khô,Nước ngọt,0.014276687055826187,False,4.736198448394496,1,Gia vị & Đồ khô,0.02336653508245945,True,4.736198448394496,0,Nước ngọt,0.014276687055826187,False,4.736198448394496,1,Nước ngọt,0.014276687055826187,False,2.8858652322954508,1
Hạt nêm Knorr thịt thăn xương ống 400g,Gia vị & Đồ khô,Điện thoại Smartphone,0.0,False,0.0,0,Dầu gội & Dầu xả,0.012251203879714012,False,4.736198448394496,0,Điện thoại Smartphone,0.0,False,0.0,0,Điện thoại Smartphone,0.0,False,0.0,0
Gạo ST25 Ông Cua túi 5kg,Gia vị & Đồ khô,Túi xách nữ,0.01333845779299736,False,4.736198448394496,1,Nước giặt & Bột giặt,0.030871018767356873,False,4.736198448394496,0,Túi xách nữ,0.01333845779299736,False,4.736198448394496,1,Túi xách nữ,0.01333845779299736,False,4.431289317921971,1
Nước giặt Omo Matic cửa trước 3.6kg,Nước giặt & Bột giặt,Nước giặt & Bột giặt,0.15062057971954346,True,4.736198448394496,2,Nước giặt & Bột giặt,0.1506231278181076,True,4.736198448394496,2,Nước giặt & Bột giặt,0.15062057971954346,True,4.736198448394496,2,Nước giặt & Bột giặt,0.15062057971954346,True,7.166490806278894,2
Bột giặt Surf hương nước xả vải,Nước giặt & Bột giặt,Nước giặt & Bột giặt,0.2957017719745636,True,4.736198448394496,3,Nước giặt & Bột giặt,0.2956996262073517,True,4.736198448394496,3,Nước giặt & Bột giặt,0.2957017719745636,True,4.736198448394496,3,Nước giặt & Bột giặt,0.2957017719745636,True,10.261265903958485,3
Nước xả vải Comfort đậm đặc cho da nhạy cảm,Nước giặt & Bột giặt,Serum dưỡng da,0.05769575014710426,False,4.736198448394496,1,Serum dưỡng da,0.05769536644220352,False,4.736198448394496,1,Serum dưỡng da,0.05769575014710426,False,4.736198448394496,1,Serum dưỡng da,0.05769575014710426,False,3.278588914256018,1
Nước rửa chén Sunlight Chanh 750g,Nước rửa chén,Nước rửa chén,0.3693559765815735,True,4.736198448394496,3,Nước rửa chén,0.3693559765815735,True,4.736198448394496,3,Nước rửa chén,0.3693559765815735,True,4.736198448394496,3,Nước rửa chén,0.3693559765815735,True,10.796116877896038,3
Nước rửa bát Kyukyuto Nhật Bản,Nước rửa chén,Nước giặt & Bột giặt,0.09048661589622498,False,4.736198448394496,1,Nước giặt & Bột giặt,0.0904860571026802,False,4.736198448394496,1,Nước giặt & Bột giặt,0.09048661589622498,False,4.736198448394496,1,Nước giặt & Bột giặt,0.09048661589622498,False,2.152515949735666,1
Giấy vệ sinh cuộn lớn An An,Giấy vệ sinh,Giấy vệ sinh,0.1279476135969162,True,4.736198448394496,3,Giấy vệ sinh,0.1279476135969162,True,4.736198448394496,3,Giấy vệ sinh,0.12794645130634308,True,4.736198448394496,3,Giấy vệ sinh,0.12794645130634308,True,11.875524257616167,3
Khăn giấy rút lụa Pulppy,Giấy vệ sinh,Giấy vệ sinh,0.016587184742093086,True,4.736198448394496,1,Dụng cụ học tập,0.033509012311697006,False,4.736198448394496,0,Giấy vệ sinh,0.016587184742093086,True,4.736198448394496,1,Giấy vệ sinh,0.016587184742093086,True,4.431289317921971,1
Khăn ướt Baby Care không mùi 80 tờ,Giấy vệ sinh,Lăn khử mùi,0.016555404290556908,False,4.736198448394496,1,Giấy vệ sinh,0.01720544882118702,True,4.736198448394496,0,Lăn khử mùi,0.016555404290556908,False,4.736198448394496,1,Lăn khử mùi,0.016555404290556908,False,4.431289317921971,1
